"Date","Squam_integrated_SWE","Squam_Daily_tot_precip","Squam_Two_day_tot_precip","Squam_Three_day_tot_precip"
"2011-11-01",58.3498452012384,NA,NA,NA
"2011-11-02",58.3498452012384,0,NA,NA
"2011-11-03",74.4891640866873,16.1393188854489,16.1393188854489,NA
"2011-11-04",75.7306501547988,1.24148606811146,17.3808049535604,17.3808049535604
"2011-11-05",76.9721362229102,1.24148606811146,2.48297213622291,18.6222910216718
"2011-11-06",78.2136222910217,1.24148606811146,2.48297213622291,3.72445820433437
"2011-11-07",78.2136222910217,1.24148606811146,2.48297213622291,3.72445820433437
"2011-11-08",83.1795665634675,4.96594427244582,6.20743034055728,7.44891640866874
"2011-11-09",86.9040247678019,3.72445820433437,8.69040247678019,9.93188854489165
"2011-11-10",94.3529411764706,7.44891640866872,11.1733746130031,16.1393188854489
"2011-11-11",115.458204334365,21.1052631578947,28.5541795665635,32.2786377708978
"2011-11-12",129.114551083591,13.656346749226,34.7616099071207,42.2105263157895
"2011-11-13",135.321981424149,6.20743034055727,19.8637770897833,40.969040247678
"2011-11-14",136.56346749226,1.24148606811147,7.44891640866874,21.1052631578947
"2011-11-15",136.56346749226,0,1.24148606811147,7.44891640866874
"2011-11-16",145.25386996904,8.69040247678018,8.69040247678018,9.93188854489165
"2011-11-17",176.291021671827,31.0371517027864,39.7275541795665,39.7275541795665
"2011-11-18",176.291021671827,0,31.0371517027864,39.7275541795665
"2011-11-19",176.291021671827,0,0,31.0371517027864
"2011-11-20",176.291021671827,0,0,0
"2011-11-21",187.46439628483,11.1733746130031,11.1733746130031,11.1733746130031
"2011-11-22",248.297213622291,60.8328173374613,72.0061919504644,72.0061919504644
"2011-11-23",269.402476780186,21.1052631578947,81.938080495356,93.1114551083591
"2011-11-24",274.368421052632,4.96594427244582,26.0712074303406,86.9040247678018
"2011-11-25",296.715170278638,22.3467492260062,27.312693498452,48.4179566563467
"2011-11-26",314.095975232198,17.3808049535604,39.7275541795665,44.6934984520124
"2011-11-27",394.792569659443,80.6965944272446,98.0773993808049,120.424148606811
"2011-11-28",397.275541795666,2.48297213622294,83.1795665634675,100.560371517028
"2011-11-29",397.275541795666,0,2.48297213622294,83.1795665634675
"2011-11-30",401,3.72445820433433,3.72445820433433,6.20743034055727
"2011-12-01",401,0,3.72445820433433,3.72445820433433
"2011-12-02",401,2,2,2
"2011-12-03",399,1,3,3
"2011-12-04",399,2,3,5
"2011-12-05",398,0,2,3
"2011-12-06",399,1,1,3
"2011-12-07",398,1,2,2
"2011-12-08",397,3,4,5
"2011-12-09",398,2,5,6
"2011-12-10",397,1,3,6
"2011-12-11",396,3,4,6
"2011-12-12",393,3,6,7
"2011-12-13",393,4,7,10
"2011-12-14",398,5,9,12
"2011-12-15",405,7,12,16
"2011-12-16",420,15,22,27
"2011-12-17",427,11,26,33
"2011-12-18",449,22,33,48
"2011-12-19",447,3,25,36
"2011-12-20",452,7,10,32
"2011-12-21",447,2,9,12
"2011-12-22",446,2,4,11
"2011-12-23",448,3,5,7
"2011-12-24",493,45,48,50
"2011-12-25",511,19,64,67
"2011-12-26",518,7,26,71
"2011-12-27",548,30,37,56
"2011-12-28",589,41,71,78
"2011-12-29",610,21,62,92
"2011-12-30",638,29,50,91
"2011-12-31",637,0,29,50
"2012-01-01",636,0,0,29
"2012-01-02",638,2,2,2
"2012-01-03",668,30,32,32
"2012-01-04",760,92,122,124
"2012-01-05",783,23,115,145
"2012-01-06",787,4,27,119
"2012-01-07",796,9,13,36
"2012-01-08",818,22,31,35
"2012-01-09",844,26,48,57
"2012-01-10",842,1,27,49
"2012-01-11",838,1,2,28
"2012-01-12",838,0,1,2
"2012-01-13",836,0,0,1
"2012-01-14",856,20,20,20
"2012-01-15",855,1,21,21
"2012-01-16",854,1,2,22
"2012-01-17",863,9,10,11
"2012-01-18",862,2,11,12
"2012-01-19",863,2,4,13
"2012-01-20",877,14,16,18
"2012-01-21",932,55,69,71
"2012-01-22",954,22,77,91
"2012-01-23",993,39,61,116
"2012-01-24",1044,51,90,112
"2012-01-25",1072,28,79,118
"2012-01-26",1088,16,44,95
"2012-01-27",1088,0,16,44
"2012-01-28",1104,16,16,32
"2012-01-29",1147,43,59,59
"2012-01-30",1151,4,47,63
"2012-01-31",1171,20,24,67
"2012-02-01",1199,28,48,52
"2012-02-02",1199,0,28,48
"2012-02-03",1199,1,1,29
"2012-02-04",1198,0,1,1
"2012-02-05",1197,1,1,2
"2012-02-06",1196,1,2,2
"2012-02-07",1195,1,2,3
"2012-02-08",1199,4,5,6
"2012-02-09",1204,5,9,10
"2012-02-10",1219,15,20,24
"2012-02-11",1224,5,20,25
"2012-02-12",1220,1,6,21
"2012-02-13",1221,3,4,9
"2012-02-14",1219,4,7,8
"2012-02-15",1217,3,7,10
"2012-02-16",1232,16,19,23
"2012-02-17",1230,0,16,19
"2012-02-18",1278,48,48,64
"2012-02-19",1280,3,51,51
"2012-02-20",1281,2,5,53
"2012-02-21",1297,16,18,21
"2012-02-22",1310,13,29,31
"2012-02-23",1309,0,13,29
"2012-02-24",1345,37,37,50
"2012-02-25",1372,27,64,64
"2012-02-26",1373,3,30,67
"2012-02-27",1368,0,3,30
"2012-02-28",1369,1,1,4
"2012-02-29",1390,21,22,22
"2012-03-01",1393,4,25,26
"2012-03-02",1402,10,14,35
"2012-03-03",1420,18,28,32
"2012-03-04",1444,24,42,52
"2012-03-05",1491,47,71,89
"2012-03-06",1497,6,53,77
"2012-03-07",1496,0,6,53
"2012-03-08",1497,2,2,8
"2012-03-09",1520,23,25,25
"2012-03-10",1537,17,40,42
"2012-03-11",1567,30,47,70
"2012-03-12",1642.38095238095,75.3809523809523,105.380952380952,122.380952380952
"2012-03-14",1670,27.6190476190477,103,133
"2012-03-15",1735,65,92.6190476190477,168
"2012-03-16",1761,26,91,118.619047619048
"2012-03-17",1765,4,30,95
"2012-03-18",1782,17,21,47
"2012-03-19",1784,2,19,23
"2012-03-20",1814,31,33,50
"2012-03-21",1825,11,42,44
"2012-03-22",1825,2,13,44
"2012-03-23",1829,4,6,17
"2012-03-24",1829,3,7,9
"2012-03-25",1829,4,7,11
"2012-03-26",1830,2,6,9
"2012-03-27",1835,6,8,12
"2012-03-28",1877.78571428571,42.7857142857142,48.7857142857142,50.7857142857142
"2012-03-29",1934,56.2142857142858,99,105
"2012-03-30",1952,18,74.2142857142858,117
"2012-03-31",1954,3,21,77.2142857142858
"2012-04-01",1977,23,26,44
"2012-04-02",1995,18,41,44
"2012-04-03",2056,61,79,102
"2012-04-04",2069,13,74,92
"2012-04-05",2070,2,15,76
"2012-04-06",2071,2,4,17
"2012-04-07",2071,2,4,6
"2012-04-09",2071,0,2,4
"2012-04-10",2072,1,1,3
"2012-04-11",2075,3,4,4
"2012-04-12",2084,9,12,13
"2012-04-13",2080,0,9,12
"2012-04-14",2077,0,0,9
"2012-04-15",2073,1,1,1
"2012-04-16",2073,5,6,6
"2012-04-17",2075,2,7,8
"2012-04-18",2079,4,6,11
"2012-04-19",2081,2,6,8
"2012-04-20",2101,20,22,26
"2012-04-21",2100,1,21,23
"2012-04-22",2099,1,2,22
"2012-04-23",2115,19,20,21
"2012-04-24",2123,9,28,29
"2012-04-25",2134,15,24,43
"2012-04-26",2092,3,18,27
"2012-04-27",2096,5,8,23
"2012-04-28",2091,1,6,9
"2012-04-29",2083,0,1,6
"2012-04-30",2073,2,2,3
"2012-05-01",NA,2,4,4
"2012-05-02",NA,2,4,6
"2012-05-03",NA,2,4,6
"2012-05-04",NA,9,11,13
"2012-05-05",NA,2,11,13
"2012-05-06",NA,0,2,11
"2012-05-07",NA,2,2,4
"2012-05-08",NA,0,2,2
"2012-05-09",NA,1,1,3
"2012-05-10",NA,8,9,9
"2012-05-11",NA,11,19,20
"2012-05-12",NA,7,18,26
"2012-05-13",NA,1,8,19
"2012-05-14",NA,0,1,8
"2012-05-15",NA,5,5,6
"2012-05-16",NA,5,10,10
"2012-05-17",NA,14,19,24
"2012-05-18",NA,18,32,37
"2012-05-19",NA,12,30,44
"2012-05-20",NA,6,18,36
"2012-05-21",NA,11,17,29
"2012-05-22",NA,13,24,30
"2012-05-23",NA,20,33,44
"2012-05-24",NA,10,30,43
"2012-05-25",NA,3,13,33
"2012-05-26",NA,12,15,25
"2012-05-27",NA,13,25,28
"2012-05-28",NA,7,20,32
"2012-05-29",NA,11,18,31
"2012-05-30",NA,8,19,26
"2012-05-31",NA,12,20,31
"2012-06-01",NA,10,22,31
"2012-06-02",NA,11,21,33
"2012-06-03",NA,12,23,33
"2012-06-04",NA,7,19,30
"2012-06-05",NA,6,13,25
"2012-06-06",NA,8,14,21
"2012-06-07",NA,11,19,25
"2012-06-08",NA,19,30,38
"2012-06-09",NA,18,37,48
"2012-06-10",NA,10,28,47
"2012-06-11",NA,14,24,42
"2012-06-12",NA,5,19,29
"2012-06-13",NA,11,16,30
"2012-06-14",NA,4,15,20
"2012-06-15",NA,14,18,29
"2012-06-16",NA,0,14,18
"2012-06-17",NA,1,1,15
"2012-06-18",NA,3,4,4
"2012-06-19",NA,5,8,9
"2012-06-20",NA,12,17,20
"2012-06-21",NA,11,23,28
"2012-06-22",NA,6,17,29
"2012-06-23",NA,7,13,24
"2012-06-24",NA,9,16,22
"2012-06-25",NA,10,19,26
"2012-06-26",NA,6,16,25
"2012-06-27",NA,0,6,16
"2012-06-28",NA,7,7,13
"2012-06-29",NA,0,7,7
"2012-06-30",NA,2,2,9
"2012-07-01",NA,0,2,2
"2012-07-02",NA,0,0,2
"2012-07-03",NA,2,2,2
"2012-07-04",NA,3,5,5
"2012-07-05",NA,9,12,14
"2012-07-06",NA,7,16,19
"2012-07-07",NA,6,13,22
"2012-07-08",NA,5,11,18
"2012-07-09",NA,3,8,14
"2012-07-10",NA,4,7,12
"2012-07-11",NA,5,9,12
"2012-07-12",NA,4,9,13
"2012-07-13",NA,1,5,10
"2012-07-14",NA,1,2,6
"2012-07-15",NA,0,1,2
"2012-07-16",NA,0,0,1
"2012-07-17",NA,1,1,1
"2012-07-18",NA,0,1,1
"2012-07-19",NA,0,0,1
"2012-07-20",NA,0,0,0
"2012-07-21",NA,0,0,0
"2012-07-22",NA,0,0,0
"2012-07-23",NA,0,0,0
"2012-07-24",NA,0,0,0
"2012-07-25",NA,13,13,13
"2012-07-26",NA,4,17,17
"2012-07-27",NA,5,9,22
"2012-07-28",NA,2,7,11
"2012-07-29",NA,6,8,13
"2012-07-30",NA,2,8,10
"2012-07-31",NA,4,6,12
"2012-08-01",NA,5,9,11
"2012-08-02",NA,3,8,12
"2012-08-03",NA,7,10,15
"2012-08-04",NA,8,15,18
"2012-08-05",NA,6,14,21
"2012-08-06",NA,4,10,18
"2012-08-07",NA,5,9,15
"2012-08-08",NA,1,6,10
"2012-08-09",NA,3,4,9
"2012-08-10",NA,6,9,10
"2012-08-11",NA,7,13,16
"2012-08-12",NA,6,13,19
"2012-08-13",NA,5,11,18
"2012-08-14",NA,2,7,13
"2012-08-15",NA,5,7,12
"2012-08-16",NA,8,13,15
"2012-08-17",NA,6,14,19
"2012-08-18",NA,6,12,20
"2012-08-19",NA,2,8,14
"2012-08-20",NA,2,4,10
"2012-08-21",NA,4,6,8
"2012-08-22",NA,1,5,7
"2012-08-23",NA,1,2,6
"2012-08-24",NA,2,3,4
"2012-08-25",NA,6,8,9
"2012-08-26",NA,4,10,12
"2012-08-27",NA,1,5,11
"2012-08-28",NA,1,2,6
"2012-08-29",NA,0,1,2
"2012-08-30",NA,2,2,3
"2012-08-31",NA,3,5,5
"2012-09-01",NA,4,7,9
"2012-09-02",NA,2,6,9
"2012-09-03",NA,6,8,12
"2012-09-04",NA,5,11,13
"2012-09-05",NA,6,11,17
"2012-09-06",NA,5,11,16
"2012-09-07",NA,7,12,18
"2012-09-08",NA,6,13,18
"2012-09-09",NA,0,6,13
"2012-09-10",NA,3,3,9
"2012-09-11",NA,4,7,7
"2012-09-12",NA,6,10,13
"2012-09-13",NA,19,25,29
"2012-09-14",NA,6,25,31
"2012-09-15",NA,6,12,31
"2012-09-16",NA,6,12,18
"2012-09-17",NA,8,14,20
"2012-09-18",NA,8,16,22
"2012-09-19",NA,7,15,23
"2012-09-20",NA,7,14,22
"2012-09-21",NA,6,13,20
"2012-09-22",NA,0,6,13
"2012-09-23",NA,6,6,12
"2012-09-24",NA,1,7,7
"2012-09-25",NA,5,6,12
"2012-09-26",NA,4,9,10
"2012-09-27",NA,6,10,15
"2012-09-28",NA,2,8,12
"2012-09-29",NA,1,3,9
"2012-09-30",NA,3,4,6
"2012-10-01",NA,1,4,5
"2012-10-02",NA,2,3,6
"2012-10-03",NA,6,8,9
"2012-10-04",NA,6,12,14
"2012-10-05",NA,6,12,18
"2012-10-06",NA,6,12,18
"2012-10-07",NA,7,13,19
"2012-10-08",NA,6,13,19
"2012-10-09",NA,5,11,18
"2012-10-10",NA,5,10,16
"2012-10-11",NA,4,9,14
"2012-10-12",NA,0,4,9
"2012-10-13",NA,1,1,5
"2012-10-14",NA,2,3,3
"2012-10-15",NA,0,2,3
"2012-10-16",NA,1,1,3
"2012-10-17",NA,1,2,2
"2012-10-18",NA,2,3,4
"2012-10-19",NA,4,6,7
"2012-10-20",NA,10,14,16
"2012-10-21",NA,11,21,25
"2012-10-22",NA,3,14,24
"2012-10-23",NA,2,5,16
"2012-10-24",NA,2,4,7
"2012-10-25",NA,3,5,7
"2012-10-26",NA,11,14,16
"2012-10-27",NA,3,14,17
"2012-10-28",NA,10,13,24
"2012-10-29",NA,8,18,21
"2012-10-30",NA,0,8,18
"2012-10-31",NA,0,0,8
"2012-11-01",5,0,0,0
"2012-11-02",-2,0,0,0
"2012-11-03",-4,0,0,0
"2012-11-04",-3,1,1,1
"2012-11-05",-4,1,2,2
"2012-11-06",-3,4,5,6
"2012-11-07",6,10,14,15
"2012-11-08",7,5,15,19
"2012-11-09",5,4,9,19
"2012-11-10",4,5,9,14
"2012-11-11",3,4,9,13
"2012-11-12",14,11,15,20
"2012-11-13",20,6,17,21
"2012-11-14",23,4,10,21
"2012-11-15",23,1,5,11
"2012-11-16",22,0,1,5
"2012-11-17",51,29,29,30
"2012-11-18",76,25,54,54
"2012-11-19",135,59,84,113
"2012-11-20",151,16,75,100
"2012-11-21",179,28,44,103
"2012-11-22",183,4,32,48
"2012-11-23",252,69,73,101
"2012-11-24",255,4,73,77
"2012-11-25",254,2,6,75
"2012-11-26",254,3,5,9
"2012-11-27",254,2,5,7
"2012-11-28",255,3,5,8
"2012-11-29",279,24,27,29
"2012-11-30",323,44,68,71
"2012-12-01",382,59,103,127
"2012-12-02",426,44,103,147
"2012-12-03",443,17,61,120
"2012-12-04",499,56,73,117
"2012-12-05",517,18,74,91
"2012-12-06",532,16,34,90
"2012-12-07",541,9,25,43
"2012-12-08",540,1,10,26
"2012-12-09",543,4,5,14
"2012-12-10",543,1,5,6
"2012-12-11",561,18,19,23
"2012-12-12",563,4,22,23
"2012-12-13",565,4,8,26
"2012-12-14",579,15,19,23
"2012-12-15",611,34,49,53
"2012-12-16",625,14,48,63
"2012-12-17",638,13,27,61
"2012-12-18",637,1,14,28
"2012-12-19",683,46,47,60
"2012-12-20",729,46,92,93
"2012-12-21",740,12,58,104
"2012-12-22",745,6,18,64
"2012-12-23",777,32,38,50
"2012-12-24",783,6,38,44
"2012-12-25",783,2,8,40
"2012-12-26",790,7,9,15
"2012-12-27",790,1,8,10
"2012-12-28",794,5,6,13
"2012-12-29",796,2,7,8
"2012-12-30",793,1,3,8
"2012-12-31",793,1,2,4
"2013-01-01",793,1,2,3
"2013-01-02",792,1,2,3
"2013-01-03",792,1,2,3
"2013-01-04",795,3,4,5
"2013-01-05",803,8,11,12
"2013-01-06",825,22,30,33
"2013-01-07",863,38,60,68
"2013-01-08",876,14,52,74
"2013-01-09",926,50,64,102
"2013-01-10",932,7,57,71
"2013-01-11",929,1,8,58
"2013-01-12",928,1,2,9
"2013-01-13",929,2,3,4
"2013-01-14",931,2,4,5
"2013-01-15",932,1,3,5
"2013-01-16",934,2,3,5
"2013-01-17",934,1,3,4
"2013-01-18",935,2,3,5
"2013-01-19",935,2,4,5
"2013-01-20",936,2,4,6
"2013-01-21",935,1,3,5
"2013-01-22",934,0,1,3
"2013-01-23",944,10,10,11
"2013-01-24",952,8,18,18
"2013-01-25",967,15,23,33
"2013-01-26",970,3,18,26
"2013-01-27",974,4,7,22
"2013-01-28",978,5,9,12
"2013-01-29",979,1,6,10
"2013-01-30",982,3,4,9
"2013-01-31",988,6,9,10
"2013-02-01",990,4,10,13
"2013-02-02",989,1,5,11
"2013-02-03",990,2,3,7
"2013-02-04",1012,22,24,25
"2013-02-05",1036,24,46,48
"2013-02-06",1066,30,54,76
"2013-02-07",1103,37,67,91
"2013-02-08",1102,1,38,68
"2013-02-09",1102,0,1,38
"2013-02-10",1103,2,2,3
"2013-02-11",1103,0,2,2
"2013-02-12",1107,4,4,6
"2013-02-13",1111,4,8,8
"2013-02-14",1113,2,6,10
"2013-02-15",1114,2,4,8
"2013-02-16",1121,8,10,12
"2013-02-17",1123,3,11,13
"2013-02-18",1125,3,6,14
"2013-02-19",1128,3,6,9
"2013-02-20",1128,3,6,9
"2013-02-21",1141,13,16,19
"2013-02-22",1176,35,48,51
"2013-02-23",1190,14,49,62
"2013-02-24",1199,9,23,58
"2013-02-25",1255,56,65,79
"2013-02-26",1258,5,61,70
"2013-02-27",1280,22,27,83
"2013-02-28",1291,12,34,39
"2013-03-01",1374,83,95,117
"2013-03-02",1420,46,129,141
"2013-03-03",1423,4,50,133
"2013-03-04",1422,2,6,52
"2013-03-05",1422,0,2,6
"2013-03-06",1427,5,5,7
"2013-03-07",1432,5,10,10
"2013-03-08",1432,1,6,11
"2013-03-09",1431,1,2,7
"2013-03-10",1431,0,1,2
"2013-03-11",1431,2,2,3
"2013-03-12",1477,47,49,49
"2013-03-13",1503,26,73,75
"2013-03-14",1520,22,48,95
"2013-03-15",1538,18,40,66
"2013-03-16",1552,14,32,54
"2013-03-17",1560,8,22,40
"2013-03-18",1570,10,18,32
"2013-03-19",1567,1,11,19
"2013-03-20",1629,62,63,73
"2013-03-21",1644,15,77,78
"2013-03-22",1644,1,16,78
"2013-03-23",1644,1,2,17
"2013-03-24",1643,0,1,2
"2013-03-25",1645,3,3,4
"2013-03-26",1643,4,7,7
"2013-03-27",1636,6,10,13
"2013-03-28",1627,3,9,13
"2013-03-29",1616,1,4,10
"2013-03-30",1583,0,1,4
"2013-03-31",1581,4,4,5
"2013-04-01",1574,2,6,6
"2013-04-02",1557,0,2,6
"2013-04-03",1567,10,10,12
"2013-04-04",1567,5,15,15
"2013-04-05",1597,30,35,45
"2013-04-06",1630,33,63,68
"2013-04-07",1628,1,34,64
"2013-04-08",1630,3,4,37
"2013-04-09",1632,3,6,7
"2013-04-10",1673,41,44,47
"2013-04-11",1681,8,49,52
"2013-04-12",1687,7,15,56
"2013-04-13",1706,19,26,34
"2013-04-14",1714,9,28,35
"2013-04-15",1719,7,16,35
"2013-04-16",1722,6,13,22
"2013-04-17",1725,4,10,17
"2013-04-18",1731,6,10,16
"2013-04-19",1756,25,31,35
"2013-04-20",1759,4,29,35
"2013-04-21",1757,6,10,35
"2013-04-22",1762,10,16,20
"2013-04-23",1764,7,17,23
"2013-04-24",1762,6,13,23
"2013-04-25",1771,9,15,22
"2013-04-26",1777,8,17,23
"2013-04-27",1782,10,18,27
"2013-04-28",1786,5,15,23
"2013-04-29",1797,11,16,26
"2013-04-30",1793,3,14,19
"2013-05-01",NA,9,12,23
"2013-05-02",NA,0,9,12
"2013-05-03",NA,2,2,11
"2013-05-04",NA,10,12,12
"2013-05-05",NA,9,19,21
"2013-05-06",NA,12,21,31
"2013-05-07",NA,8,20,29
"2013-05-08",NA,10,18,30
"2013-05-09",NA,10,20,28
"2013-05-10",NA,8,18,28
"2013-05-11",NA,5,13,23
"2013-05-12",NA,2,7,15
"2013-05-13",NA,6,8,13
"2013-05-14",NA,2,8,10
"2013-05-15",NA,6,8,14
"2013-05-16",NA,9,15,17
"2013-05-17",NA,7,16,22
"2013-05-18",NA,1,8,17
"2013-05-19",NA,6,7,14
"2013-05-20",NA,6,12,13
"2013-05-21",NA,0,6,12
"2013-05-22",NA,7,7,13
"2013-05-23",NA,13,20,20
"2013-05-24",NA,7,20,27
"2013-05-25",NA,11,18,31
"2013-05-26",NA,8,19,26
"2013-05-27",NA,6,14,25
"2013-05-28",NA,1,7,15
"2013-05-29",NA,8,9,15
"2013-05-30",NA,1,9,10
"2013-05-31",NA,11,12,20
"2013-06-01",NA,9,20,21
"2013-06-02",NA,11,20,31
"2013-06-03",NA,11,22,31
"2013-06-04",NA,13,24,35
"2013-06-05",NA,6,19,30
"2013-06-06",NA,10,16,29
"2013-06-07",NA,1,11,17
"2013-06-08",NA,0,1,11
"2013-06-09",NA,7,7,8
"2013-06-10",NA,13,20,20
"2013-06-11",NA,3,16,23
"2013-06-12",NA,7,10,23
"2013-06-13",NA,10,17,20
"2013-06-14",NA,2,12,19
"2013-06-15",NA,10,12,22
"2013-06-16",NA,3,13,15
"2013-06-17",NA,0,3,13
"2013-06-18",NA,1,1,4
"2013-06-19",NA,3,4,4
"2013-06-20",NA,1,4,5
"2013-06-21",NA,1,2,5
"2013-06-22",NA,0,1,2
"2013-06-23",NA,2,2,3
"2013-06-24",NA,1,3,3
"2013-06-25",NA,0,1,3
"2013-06-26",NA,2,2,3
"2013-06-27",NA,0,2,2
"2013-06-28",NA,0,0,2
"2013-06-29",NA,0,0,0
"2013-06-30",NA,0,0,0
"2013-07-01",NA,0,0,0
"2013-07-02",NA,0,0,0
"2013-07-03",NA,0,0,0
"2013-07-04",NA,3,3,3
"2013-07-05",NA,4,7,7
"2013-07-06",NA,5,9,12
"2013-07-07",NA,5,10,14
"2013-07-08",NA,7,12,17
"2013-07-09",NA,6,13,18
"2013-07-10",NA,3,9,16
"2013-07-11",NA,2,5,11
"2013-07-12",NA,5,7,10
"2013-07-13",NA,7,12,14
"2013-07-14",NA,5,12,17
"2013-07-15",NA,6,11,18
"2013-07-16",NA,7,13,18
"2013-07-17",NA,3,10,16
"2013-07-18",NA,6,9,16
"2013-07-19",NA,5,11,14
"2013-07-20",NA,4,9,15
"2013-07-21",NA,6,10,15
"2013-07-22",NA,4,10,14
"2013-07-23",NA,7,11,17
"2013-07-24",NA,6,13,17
"2013-07-25",NA,6,12,19
"2013-07-26",NA,5,11,17
"2013-07-27",NA,6,11,17
"2013-07-28",NA,4,10,15
"2013-07-29",NA,5,9,15
"2013-07-30",NA,7,12,16
"2013-07-31",NA,6,13,18
"2013-08-01",NA,1,7,14
"2013-08-02",NA,2,3,9
"2013-08-03",NA,2,4,5
"2013-08-04",NA,7,9,11
"2013-08-05",NA,5,12,14
"2013-08-06",NA,5,10,17
"2013-08-07",NA,5,10,15
"2013-08-08",NA,6,11,16
"2013-08-09",NA,6,12,17
"2013-08-10",NA,5,11,17
"2013-08-11",NA,1,6,12
"2013-08-12",NA,2,3,8
"2013-08-13",NA,2,4,5
"2013-08-14",NA,3,5,7
"2013-08-15",NA,0,3,5
"2013-08-16",NA,1,1,4
"2013-08-17",NA,1,2,2
"2013-08-18",NA,0,1,2
"2013-08-19",NA,1,1,2
"2013-08-20",NA,3,4,4
"2013-08-21",NA,5,8,9
"2013-08-22",NA,7,12,15
"2013-08-23",NA,3,10,15
"2013-08-24",NA,1,4,11
"2013-08-25",NA,2,3,6
"2013-08-26",NA,3,5,6
"2013-08-27",NA,0,3,5
"2013-08-28",NA,3,3,6
"2013-08-29",NA,3,6,6
"2013-08-30",NA,2,5,8
"2013-08-31",NA,4,6,9
"2013-09-01",NA,4,8,10
"2013-09-02",NA,3,7,11
"2013-09-03",NA,3,6,10
"2013-09-04",NA,3,6,9
"2013-09-05",NA,4,7,10
"2013-09-06",NA,3,7,10
"2013-09-07",NA,2,5,9
"2013-09-08",NA,5,7,10
"2013-09-09",NA,3,8,10
"2013-09-10",NA,7,10,15
"2013-09-11",NA,7,14,17
"2013-09-12",NA,7,14,21
"2013-09-13",NA,7,14,21
"2013-09-14",NA,7,14,21
"2013-09-15",NA,4,11,18
"2013-09-16",NA,0,4,11
"2013-09-17",NA,1,1,5
"2013-09-18",NA,1,2,2
"2013-09-19",NA,3,4,5
"2013-09-20",NA,3,6,7
"2013-09-21",NA,0,3,6
"2013-09-22",NA,0,0,3
"2013-09-23",NA,0,0,0
"2013-09-24",NA,0,0,0
"2013-09-25",NA,3,3,3
"2013-09-26",NA,5,8,8
"2013-09-27",NA,0,5,8
"2013-09-28",NA,0,0,5
"2013-09-29",NA,0,0,0
"2013-09-30",NA,41,41,41
"2013-10-01",NA,1,42,42
"2013-10-02",NA,7,8,49
"2013-10-03",NA,4,11,12
"2013-10-04",NA,3,7,14
"2013-10-05",NA,0,3,7
"2013-10-06",NA,0,0,3
"2013-10-07",NA,0,0,0
"2013-10-08",NA,2,2,2
"2013-10-09",NA,3,5,5
"2013-10-10",NA,2,5,7
"2013-10-11",NA,1,3,6
"2013-10-12",NA,3,4,6
"2013-10-13",NA,4,7,8
"2013-10-14",NA,7,11,14
"2013-10-15",NA,3,10,14
"2013-10-16",NA,5,8,15
"2013-10-17",NA,7,12,15
"2013-10-18",NA,7,14,19
"2013-10-19",NA,6,13,20
"2013-10-20",NA,6,12,19
"2013-10-21",NA,6,12,18
"2013-10-22",NA,6,12,18
"2013-10-23",NA,7,13,19
"2013-10-24",NA,6,13,19
"2013-10-25",NA,6,12,19
"2013-10-26",NA,5,11,17
"2013-10-27",NA,4,9,15
"2013-10-28",NA,6,10,15
"2013-10-29",NA,6,12,16
"2013-10-30",NA,1,7,13
"2013-10-31",NA,5,6,12
"2013-11-01",-3,3,8,9
"2013-11-02",30,33,36,41
"2013-11-03",29,6,39,42
"2013-11-04",28,5,11,44
"2013-11-05",30,3,8,14
"2013-11-06",29,2,5,10
"2013-11-07",69,40,42,45
"2013-11-08",72,6,46,48
"2013-11-09",80,9,15,55
"2013-11-10",82,4,13,19
"2013-11-11",80,2,6,15
"2013-11-12",79,3,5,9
"2013-11-13",73,1,4,6
"2013-11-14",69,1,2,5
"2013-11-15",76,10,11,12
"2013-11-16",84,9,19,20
"2013-11-17",91,10,19,29
"2013-11-18",100,9,19,28
"2013-11-19",111,13,22,32
"2013-11-20",109,5,18,27
"2013-11-21",111,6,11,24
"2013-11-22",112,4,10,15
"2013-11-23",112,2,6,12
"2013-11-24",112,1,3,7
"2013-11-25",112,2,3,5
"2013-11-26",111,4,6,7
"2013-11-27",111,2,6,8
"2013-11-28",109,1,3,7
"2013-11-29",107,1,2,4
"2013-11-30",123,17,18,19
"2013-12-01",152,29,46,47
"2013-12-02",160,9,38,55
"2013-12-03",158,4,13,42
"2013-12-04",158,5,9,18
"2013-12-05",156,4,9,13
"2013-12-06",155,3,7,12
"2013-12-07",155,4,7,11
"2013-12-08",157,4,8,11
"2013-12-09",157,3,7,11
"2013-12-10",158,1,4,8
"2013-12-11",160,2,3,6
"2013-12-12",178,20,22,23
"2013-12-13",185,7,27,29
"2013-12-14",200,15,22,42
"2013-12-15",206,6,21,28
"2013-12-16",204,1,7,22
"2013-12-17",208,5,6,12
"2013-12-18",213,7,12,13
"2013-12-19",210,2,9,14
"2013-12-20",232,22,24,31
"2013-12-21",232,2,24,26
"2013-12-22",236,4,6,28
"2013-12-23",259,23,27,29
"2013-12-24",258,2,25,29
"2013-12-25",259,2,4,27
"2013-12-26",275,16,18,20
"2013-12-27",284,11,27,29
"2013-12-28",280,0,11,27
"2013-12-29",283,3,3,14
"2013-12-30",285,2,5,5
"2013-12-31",291,6,8,11
"2014-01-01",289,0,6,8
"2014-01-02",334,45,45,51
"2014-01-03",344,12,57,57
"2014-01-04",342,2,14,59
"2014-01-05",343,2,4,16
"2014-01-06",344,2,4,6
"2014-01-07",347,3,5,7
"2014-01-08",358,11,14,16
"2014-01-09",377,20,31,34
"2014-01-10",393,16,36,47
"2014-01-11",489,96,112,132
"2014-01-12",502,13,109,125
"2014-01-13",511,9,22,118
"2014-01-14",514,3,12,25
"2014-01-15",514,0,3,12
"2014-01-16",515,3,3,6
"2014-01-17",513,2,5,5
"2014-01-18",512,1,3,6
"2014-01-19",513,3,4,6
"2014-01-20",512,5,8,9
"2014-01-21",510,1,6,9
"2014-01-22",511,3,4,9
"2014-01-23",511,4,7,8
"2014-01-24",512,4,8,11
"2014-01-25",512,3,7,11
"2014-01-26",511,3,6,10
"2014-01-27",509,4,7,10
"2014-01-28",509,2,6,9
"2014-01-29",510,3,5,9
"2014-01-30",509,1,4,6
"2014-01-31",507,5,6,9
"2014-02-01",505,2,7,8
"2014-02-02",505,2,4,9
"2014-02-03",506,4,6,8
"2014-02-04",504,3,7,9
"2014-02-05",504,4,7,11
"2014-02-06",505,5,9,12
"2014-02-07",507,6,11,15
"2014-02-08",509,6,12,17
"2014-02-09",510,6,12,18
"2014-02-10",522,13,19,25
"2014-02-11",531,10,23,29
"2014-02-12",574,43,53,66
"2014-02-13",601,27,70,80
"2014-02-14",620,19,46,89
"2014-02-15",624,5,24,51
"2014-02-16",662,38,43,62
"2014-02-17",699,37,75,80
"2014-02-18",733,34,71,109
"2014-02-19",750,17,51,88
"2014-02-20",768,18,35,69
"2014-02-21",772,5,23,40
"2014-02-22",774,4,9,27
"2014-02-23",781,7,11,16
"2014-02-24",787,6,13,17
"2014-02-25",792,5,11,18
"2014-02-26",792,1,6,12
"2014-02-27",793,2,3,8
"2014-02-28",794,4,6,7
"2014-03-01",787,3,7,9
"2014-03-02",797,10,13,17
"2014-03-03",832,35,45,48
"2014-03-04",835,4,39,49
"2014-03-05",849,14,18,53
"2014-03-06",875,26,40,44
"2014-03-07",878,3,29,43
"2014-03-08",915,38,41,67
"2014-03-09",949,34,72,75
"2014-03-10",949,2,36,74
"2014-03-11",946,1,3,37
"2014-03-12",945,2,3,5
"2014-03-13",944,2,4,5
"2014-03-14",965,21,23,25
"2014-03-15",999,35,56,58
"2014-03-16",1028,29,64,85
"2014-03-17",1035,8,37,72
"2014-03-18",1033,0,8,37
"2014-03-19",1060,27,27,35
"2014-03-20",1061,2,29,29
"2014-03-21",1059,2,4,31
"2014-03-22",1063,6,8,10
"2014-03-23",1063,1,7,9
"2014-03-24",1064,1,2,8
"2014-03-25",1080,16,17,18
"2014-03-26",1101,21,37,38
"2014-03-27",1101,2,23,39
"2014-03-28",1108,7,9,30
"2014-03-29",1148,40,47,49
"2014-03-30",1166,18,58,65
"2014-03-31",1167,2,20,60
"2014-04-01",1166,2,4,22
"2014-04-02",1166,2,4,6
"2014-04-03",1171,6,8,10
"2014-04-04",1189,18,24,26
"2014-04-05",1195,6,24,30
"2014-04-06",1207,12,18,36
"2014-04-07",1222,15,27,33
"2014-04-08",1217,1,16,28
"2014-04-09",1212,2,3,18
"2014-04-10",1210,2,4,5
"2014-04-11",1211,2,4,6
"2014-04-12",1209,5,7,9
"2014-04-13",1207,6,11,13
"2014-04-14",1204,5,11,16
"2014-04-15",1203,3,8,14
"2014-04-16",1214,12,15,20
"2014-04-17",1231,17,29,32
"2014-04-18",1239,9,26,38
"2014-04-19",1239,3,12,29
"2014-04-20",1248,9,12,21
"2014-04-21",1267,19,28,31
"2014-04-22",1274,7,26,35
"2014-04-23",1271,2,9,28
"2014-04-24",1282,13,15,22
"2014-04-25",1289,8,21,23
"2014-04-26",1288,3,11,24
"2014-04-27",1300,13,16,24
"2014-04-28",1304,4,17,20
"2014-04-29",1303,1,5,18
"2014-04-30",1298,1,2,6
"2014-05-01",NA,0,1,2
"2014-05-02",NA,2,2,3
"2014-05-03",NA,1,3,3
"2014-05-04",NA,1,2,4
"2014-05-05",NA,2,3,4
"2014-05-06",NA,3,5,6
"2014-05-07",NA,5,8,10
"2014-05-08",NA,1,6,9
"2014-05-09",NA,0,1,6
"2014-05-10",NA,4,4,5
"2014-05-11",NA,6,10,10
"2014-05-12",NA,5,11,15
"2014-05-13",NA,7,12,18
"2014-05-14",NA,14,21,26
"2014-05-15",NA,19,33,40
"2014-05-16",NA,16,35,49
"2014-05-17",NA,4,20,39
"2014-05-18",NA,8,12,28
"2014-05-19",NA,3,11,15
"2014-05-20",NA,12,15,23
"2014-05-21",NA,8,20,23
"2014-05-22",NA,4,12,24
"2014-05-23",NA,0,4,12
"2014-05-24",NA,5,5,9
"2014-05-25",NA,0,5,5
"2014-05-26",NA,0,0,5
"2014-08-06",NA,1,1,1
"2014-08-07",NA,4,5,5
"2014-08-08",NA,5,9,10
"2014-08-09",NA,5,10,14
"2014-08-10",NA,8,13,18
"2014-08-11",NA,7,15,20
"2014-08-12",NA,0,7,15
"2014-08-13",NA,1,1,8
"2014-08-14",NA,4,5,5
"2014-08-15",NA,0,4,5
"2014-08-16",NA,0,0,4
"2014-08-17",NA,4,4,4
"2014-08-18",NA,5,9,9
"2014-08-19",NA,3,8,12
"2014-08-20",NA,4,7,12
"2014-08-21",NA,3,7,10
"2014-08-22",NA,8,11,15
"2014-08-23",NA,6,14,17
"2014-08-24",NA,4,10,18
"2014-08-25",NA,6,10,16
"2014-08-26",NA,5,11,15
"2014-08-27",NA,5,10,16
"2014-08-28",NA,2,7,12
"2014-08-29",NA,2,4,9
"2014-08-30",NA,0,2,4
"2014-08-31",NA,2,2,4
"2014-09-01",NA,1,3,3
"2014-09-02",NA,0,1,3
"2014-09-03",NA,4,4,5
"2014-09-04",NA,4,8,8
"2014-09-05",NA,7,11,15
"2014-09-06",NA,6,13,17
"2014-09-07",NA,6,12,19
"2014-09-08",NA,3,9,15
"2014-09-09",NA,3,6,12
"2014-09-10",NA,3,6,9
"2014-09-11",NA,6,9,12
"2014-09-12",NA,6,12,15
"2014-09-13",NA,6,12,18
"2014-09-14",NA,8,14,20
"2014-09-15",NA,8,16,22
"2014-09-16",NA,8,16,24
"2014-09-17",NA,1,9,17
"2014-09-18",NA,0,1,9
"2014-09-19",NA,0,0,1
"2014-09-20",NA,7,7,7
"2014-09-21",NA,7,14,14
"2014-09-22",NA,0,7,14
"2014-09-23",NA,3,3,10
"2014-09-24",NA,0,3,3
"2014-09-25",NA,1,1,4
"2014-09-27",NA,3,4,4
"2014-09-28",NA,5,8,9
"2014-09-29",NA,1,6,9
"2014-09-30",NA,2,3,8
"2014-10-01",NA,1,3,4
"2014-10-02",NA,2,3,5
"2014-10-03",NA,3,5,6
"2014-10-04",NA,1,4,6
"2014-10-05",NA,2,3,6
"2014-10-06",NA,2,4,5
"2014-10-07",NA,3,5,7
"2014-10-08",NA,3,6,8
"2014-10-09",NA,4,7,10
"2014-10-10",NA,1,5,8
"2014-10-11",NA,1,2,6
"2014-10-12",NA,0,1,2
"2014-10-13",NA,2,2,3
"2014-10-14",NA,0,2,2
"2014-10-15",NA,0,0,2
"2014-10-16",NA,3,3,3
"2014-10-17",NA,0,3,3
"2014-10-18",NA,2,2,5
"2014-10-19",NA,1,3,3
"2014-10-20",NA,0,1,3
"2014-10-21",NA,1,1,2
"2014-10-22",NA,0,1,1
"2014-10-23",NA,15,15,16
"2014-10-24",NA,1,16,16
"2014-10-25",NA,19,20,35
"2014-10-26",NA,0,19,20
"2014-10-27",NA,0,0,19
"2014-10-28",NA,29,29,29
"2014-10-29",NA,1,30,30
"2014-10-30",NA,0,1,30
"2014-10-31",NA,0,0,1
"2014-11-01",-4,3,3,3
"2014-11-02",-4,2,5,5
"2014-11-03",-4,2,4,7
"2014-11-04",-6,0,2,4
"2014-11-05",-7,1,1,3
"2014-11-06",-6,3,4,4
"2014-11-07",-7,0,3,4
"2014-11-08",-7,0,0,3
"2014-11-09",8,15,15,15
"2014-11-10",7,4,19,19
"2014-11-11",6,4,8,23
"2014-11-12",6,4,8,12
"2014-11-13",4,4,8,12
"2014-11-14",2,5,9,13
"2014-11-15",0,6,11,15
"2014-11-16",2,7,13,18
"2014-11-17",2,5,12,18
"2014-11-18",3,3,8,15
"2014-11-19",3,2,5,10
"2014-11-20",5,2,4,7
"2014-11-21",34,29,31,33
"2014-11-22",51,17,46,48
"2014-11-23",73,23,40,69
"2014-11-24",98,25,48,65
"2014-11-25",118,20,45,68
"2014-11-26",158,40,60,85
"2014-11-27",158,3,43,63
"2014-11-28",145,1,4,44
"2014-11-29",145,7,8,11
"2014-11-30",142,4,11,12
"2014-12-01",139,3,7,14
"2014-12-02",137,4,7,11
"2014-12-03",148,11,15,18
"2014-12-04",152,5,16,20
"2014-12-05",152,6,11,22
"2014-12-06",143,0,6,11
"2014-12-07",143,2,2,8
"2014-12-08",143,4,6,6
"2014-12-09",150,15,19,21
"2014-12-10",155,13,28,32
"2014-12-11",174,20,33,48
"2014-12-12",223,49,69,82
"2014-12-13",227,6,55,75
"2014-12-14",225,1,7,56
"2014-12-15",224,2,3,9
"2014-12-16",227,3,5,6
"2014-12-17",235,8,11,13
"2014-12-18",239,4,12,15
"2014-12-19",282,43,47,55
"2014-12-20",322,40,83,87
"2014-12-21",355,33,73,116
"2014-12-22",363,9,42,82
"2014-12-23",384,22,31,64
"2014-12-24",387,4,26,35
"2014-12-25",384,0,4,26
"2014-12-26",383,1,1,5
"2014-12-27",396,13,14,14
"2014-12-28",393,1,14,15
"2014-12-29",392,2,3,16
"2014-12-30",390,2,4,5
"2014-12-31",392,3,5,7
"2015-01-01",393,2,5,7
"2015-01-02",392,0,2,5
"2015-01-03",390,1,1,3
"2015-01-04",428,38,39,39
"2015-01-05",473,45,83,84
"2015-01-06",480,14,59,97
"2015-01-07",477,1,15,60
"2015-01-08",473,0,1,15
"2015-01-09",470,0,0,1
"2015-01-10",469,0,0,0
"2015-01-11",467,0,0,0
"2015-01-12",469,3,3,3
"2015-01-13",467,2,5,5
"2015-01-14",468,3,5,8
"2015-01-15",469,3,6,8
"2015-01-16",500,31,34,37
"2015-01-17",513,13,44,47
"2015-01-18",548,35,48,79
"2015-01-19",554,7,42,55
"2015-01-20",551,1,8,43
"2015-01-21",549,0,1,8
"2015-01-22",563,14,14,15
"2015-01-23",586,29,43,43
"2015-01-24",597,14,43,57
"2015-01-25",584,0,14,43
"2015-01-26",576,0,0,14
"2015-01-27",571,0,0,0
"2015-01-28",568,3,3,3
"2015-01-29",564,3,6,6
"2015-01-30",559,1,4,7
"2015-01-31",556,1,2,5
"2015-02-01",575,19,20,21
"2015-02-02",578,3,22,23
"2015-02-03",581,3,6,25
"2015-02-04",580,1,4,7
"2015-02-05",617,37,38,41
"2015-02-06",627,20,57,58
"2015-02-07",622,3,23,60
"2015-02-08",617,0,3,23
"2015-02-09",614,2,2,5
"2015-02-10",610,1,3,3
"2015-02-11",605,0,1,3
"2015-02-12",608,7,7,8
"2015-02-13",614,7,14,14
"2015-02-14",603,3,10,17
"2015-02-15",597,8,11,18
"2015-02-16",591,5,13,16
"2015-02-17",590,9,14,22
"2015-02-18",585,6,15,20
"2015-02-19",585,3,9,18
"2015-02-20",585,2,5,11
"2015-02-21",581,7,9,12
"2015-02-22",578,10,17,19
"2015-02-23",579,11,21,28
"2015-02-24",574,8,19,29
"2015-02-25",569,4,12,23
"2015-02-26",570,4,8,16
"2015-02-27",568,5,9,13
"2015-02-28",563,7,12,16
"2015-03-01",561,7,14,19
"2015-03-02",557,6,13,20
"2015-03-03",552,8,14,21
"2015-03-04",550,9,17,23
"2015-03-05",548,6,15,23
"2015-03-06",548,6,12,21
"2015-03-07",550,11,17,23
"2015-03-08",547,9,20,26
"2015-03-09",548,12,21,32
"2015-03-10",549,14,26,35
"2015-03-11",555,8,22,34
"2015-03-12",560,22,30,44
"2015-03-13",570,10,32,40
"2015-03-14",577,14,24,46
"2015-03-15",569,0,14,24
"2015-03-16",567,11,11,25
"2015-03-17",563,7,18,18
"2015-03-18",558,5,12,23
"2015-03-19",581,24,29,36
"2015-03-20",595,17,41,46
"2015-03-21",624,29,46,70
"2015-03-22",628,5,34,51
"2015-03-23",636,8,13,42
"2015-03-24",642,9,17,22
"2015-03-25",655,20,29,37
"2015-03-26",667,16,36,45
"2015-03-27",661,3,19,39
"2015-03-28",657,5,8,24
"2015-03-29",709,54,59,62
"2015-03-30",716,13,67,72
"2015-03-31",720,6,19,73
"2015-04-01",718,4,10,23
"2015-04-02",710,6,10,16
"2015-04-03",707,2,8,12
"2015-04-04",713,7,9,15
"2015-04-05",711,7,14,16
"2015-04-06",709,10,17,24
"2015-04-07",706,8,18,25
"2015-04-08",707,13,21,31
"2015-04-09",705,15,28,36
"2015-04-10",694,5,20,33
"2015-04-11",717,23,28,43
"2015-04-12",728,11,34,39
"2015-04-13",744,16,27,50
"2015-04-14",754,12,28,39
"2015-04-15",750,3,15,31
"2015-04-16",751,5,8,20
"2015-04-17",747,5,10,13
"2015-04-18",742,20,25,30
"2015-04-19",735,16,36,41
"2015-04-20",723,14,30,50
"2015-04-21",710,6,20,36
"2015-04-22",713,10,16,30
"2015-04-23",705,6,16,22
"2015-04-24",716,11,17,27
"2015-04-25",719,15,26,32
"2015-04-26",713,9,24,35
"2015-04-27",701,3,12,27
"2015-04-28",701,6,9,18
"2015-04-29",694,5,11,14
"2015-04-30",689,2,7,13
"2015-05-01",NA,7,9,14
"2015-05-02",NA,12,19,21
"2015-05-03",NA,13,25,32
"2015-05-04",NA,7,20,32
"2015-05-05",NA,7,14,27
"2015-05-06",NA,9,16,23
"2015-05-07",NA,11,20,27
"2015-05-08",NA,9,20,29
"2015-05-09",NA,10,19,30
"2015-05-10",NA,5,15,24
"2015-05-11",NA,1,6,16
"2015-05-12",NA,1,2,7
"2015-05-13",NA,0,1,2
"2015-05-14",NA,1,1,2
"2015-05-15",NA,1,2,2
"2015-05-16",NA,4,5,6
"2015-05-17",NA,7,11,12
"2015-05-18",NA,1,8,12
"2015-05-19",NA,4,5,12
"2015-05-20",NA,4,8,9
"2015-05-21",NA,3,7,11
"2015-05-22",NA,0,3,7
"2015-05-23",NA,0,0,3
"2015-05-24",NA,0,0,0
"2015-05-25",NA,0,0,0
"2015-05-26",NA,0,0,0
"2015-05-27",NA,0,0,0
"2015-05-28",NA,2,2,2
"2015-05-29",NA,1,3,3
"2015-05-30",NA,1,2,4
"2015-05-31",NA,5,6,7
"2015-06-01",NA,6,11,12
"2015-06-02",NA,0,6,11
"2015-06-03",NA,0,0,6
"2015-06-04",NA,1,1,1
"2015-06-05",NA,6,7,7
"2015-06-06",NA,6,12,13
"2015-06-07",NA,8,14,20
"2015-06-08",NA,7,15,21
"2015-06-09",NA,7,14,22
"2015-06-10",NA,9,16,23
"2015-06-11",NA,3,12,19
"2015-06-12",NA,5,8,17
"2015-06-13",NA,7,12,15
"2015-06-14",NA,8,15,20
"2015-06-15",NA,7,15,22
"2015-06-16",NA,6,13,21
"2015-06-17",NA,3,9,16
"2015-06-18",NA,2,5,11
"2015-06-19",NA,1,3,6
"2015-06-20",NA,1,2,4
"2015-06-21",NA,5,6,7
"2015-06-22",NA,6,11,12
"2015-06-23",NA,8,14,19
"2015-06-24",NA,3,11,17
"2015-06-25",NA,2,5,13
"2015-06-26",NA,6,8,11
"2015-06-27",NA,9,15,17
"2015-06-28",NA,9,18,24
"2015-06-29",NA,3,12,21
"2015-06-30",NA,6,9,18
"2015-07-01",NA,7,13,16
"2015-07-02",NA,11,18,24
"2015-07-03",NA,9,20,27
"2015-07-04",NA,7,16,27
"2015-07-05",NA,5,12,21
"2015-07-06",NA,3,8,15
"2015-07-07",NA,7,10,15
"2015-07-08",NA,8,15,18
"2015-07-09",NA,6,14,21
"2015-07-10",NA,4,10,18
"2015-07-11",NA,2,6,12
"2015-07-12",NA,3,5,9
"2015-07-13",NA,0,3,5
"2015-07-14",NA,5,5,8
"2015-07-15",NA,3,8,8
"2015-07-16",NA,5,8,13
"2015-07-17",NA,6,11,14
"2015-07-18",NA,6,12,17
"2015-07-19",NA,6,12,18
"2015-07-20",NA,3,9,15
"2015-07-21",NA,3,6,12
"2015-07-22",NA,1,4,7
"2015-07-23",NA,5,6,9
"2015-07-24",NA,0,5,6
"2015-07-25",NA,1,1,6
"2015-07-26",NA,0,1,1
"2015-07-27",NA,3,3,4
"2015-07-28",NA,4,7,7
"2015-07-29",NA,6,10,13
"2015-07-30",NA,9,15,19
"2015-07-31",NA,7,16,22
"2015-08-01",NA,6,13,22
"2015-08-02",NA,7,13,20
"2015-08-03",NA,3,10,16
"2015-08-04",NA,3,6,13
"2015-08-05",NA,3,6,9
"2015-08-06",NA,2,5,8
"2015-08-07",NA,4,6,9
"2015-08-08",NA,2,6,8
"2015-08-09",NA,0,2,6
"2015-08-10",NA,6,6,8
"2015-08-11",NA,6,12,12
"2015-08-12",NA,7,13,19
"2015-08-13",NA,5,12,18
"2015-08-14",NA,3,8,15
"2015-08-15",NA,0,3,8
"2015-08-16",NA,1,1,4
"2015-08-17",NA,6,7,7
"2015-08-18",NA,6,12,13
"2015-08-19",NA,5,11,17
"2015-08-20",NA,3,8,14
"2015-08-21",NA,4,7,12
"2015-08-22",NA,5,9,12
"2015-08-23",NA,6,11,15
"2015-08-24",NA,5,11,16
"2015-08-25",NA,5,10,16
"2015-08-26",NA,5,10,15
"2015-08-27",NA,5,10,15
"2015-08-28",NA,1,6,11
"2015-08-29",NA,2,3,8
"2015-08-30",NA,0,2,3
"2015-08-31",NA,1,1,3
"2015-09-01",NA,1,2,2
"2015-09-02",NA,2,3,4
"2015-09-03",NA,1,3,4
"2015-09-04",NA,2,3,5
"2015-09-05",NA,5,7,8
"2015-09-06",NA,1,6,8
"2015-09-07",NA,1,2,7
"2015-09-08",NA,2,3,4
"2015-09-09",NA,1,3,4
"2015-09-10",NA,5,6,8
"2015-09-11",NA,6,11,12
"2015-09-12",NA,6,12,17
"2015-09-13",NA,3,9,15
"2015-09-14",NA,2,5,11
"2015-09-15",NA,1,3,6
"2015-09-16",NA,1,2,4
"2015-09-17",NA,1,2,3
"2015-09-18",NA,0,1,2
"2015-09-19",NA,0,0,1
"2015-09-20",NA,3,3,3
"2015-09-21",NA,2,5,5
"2015-09-22",NA,2,4,7
"2015-09-23",NA,1,3,5
"2015-09-24",NA,1,2,4
"2015-09-25",NA,2,3,4
"2015-09-26",NA,2,4,5
"2015-09-27",NA,4,6,8
"2015-09-28",NA,5,9,11
"2015-09-29",NA,7,12,16
"2015-09-30",NA,5,12,17
"2015-10-01",NA,7,12,19
"2015-10-02",NA,2,9,14
"2015-10-03",NA,5,7,14
"2015-10-04",NA,6,11,13
"2015-10-05",NA,6,12,17
"2015-10-06",NA,3,9,15
"2015-10-07",NA,0,3,9
"2015-10-08",NA,1,1,4
"2015-10-09",NA,1,2,2
"2015-10-10",NA,2,3,4
"2015-10-11",NA,1,3,4
"2015-10-12",NA,0,1,3
"2015-10-13",NA,2,2,3
"2015-10-14",NA,5,7,7
"2015-10-15",NA,5,10,12
"2015-10-16",NA,6,11,16
"2015-10-17",NA,1,7,12
"2015-10-18",NA,0,1,7
"2015-10-19",NA,0,0,1
"2015-10-20",NA,2,2,2
"2015-10-21",NA,1,3,3
"2015-10-22",NA,2,3,5
"2015-10-23",NA,3,5,6
"2015-10-24",NA,3,6,8
"2015-10-25",NA,4,7,10
"2015-10-26",NA,0,4,7
"2015-10-27",NA,2,2,6
"2015-10-28",NA,0,2,2
"2015-10-29",NA,0,0,2
"2015-10-30",NA,2,2,2
"2015-10-31",NA,2,4,4
"2015-11-01",-3,6,8,10
"2015-11-02",2,6,12,14
"2015-11-03",2,4,10,16
"2015-11-04",-2,1,5,11
"2015-11-05",1,3,4,8
"2015-11-06",7,8,11,12
"2015-11-07",36,29,37,40
"2015-11-08",33,0,29,37
"2015-11-09",34,5,5,34
"2015-11-10",30,2,7,7
"2015-11-11",53,24,26,31
"2015-11-12",84,31,55,57
"2015-11-13",129,46,77,101
"2015-11-14",128,1,47,78
"2015-11-15",132,5,6,52
"2015-11-16",151,25,30,31
"2015-11-17",200,49,74,79
"2015-11-18",198,1,50,75
"2015-11-19",197,3,4,53
"2015-11-20",196,5,8,9
"2015-11-21",195,4,9,12
"2015-11-22",195,3,7,12
"2015-11-23",202,8,11,15
"2015-11-24",206,7,15,18
"2015-11-25",206,3,10,18
"2015-11-26",207,4,7,14
"2015-11-27",206,3,7,10
"2015-11-28",206,3,6,10
"2015-11-29",206,3,6,9
"2015-11-30",204,1,4,7
"2015-12-01",216,12,13,16
"2015-12-02",247,31,43,44
"2015-12-03",270,25,56,68
"2015-12-04",264,1,26,57
"2015-12-05",323,59,60,85
"2015-12-06",393,70,129,130
"2015-12-07",421,28,98,157
"2015-12-08",451,34,62,132
"2015-12-09",465,17,51,79
"2015-12-10",488,24,41,75
"2015-12-11",516,28,52,69
"2015-12-12",535,22,50,74
"2015-12-13",590,55,77,105
"2015-12-14",589,1,56,78
"2015-12-15",591,4,5,60
"2015-12-16",590,1,5,6
"2015-12-17",593,4,5,9
"2015-12-18",614,21,25,26
"2015-12-19",642,28,49,53
"2015-12-20",692,50,78,99
"2015-12-21",697,5,55,83
"2015-12-22",695,0,5,55
"2015-12-23",700,5,5,10
"2015-12-24",706,7,12,12
"2015-12-25",704,0,7,12
"2015-12-26",705,3,3,10
"2015-12-27",730,25,28,28
"2015-12-28",729,0,25,28
"2015-12-29",728,0,0,25
"2015-12-30",726,0,0,0
"2015-12-31",726,1,1,1
"2016-01-01",726,1,2,2
"2016-01-02",726,1,2,3
"2016-01-03",724,0,1,2
"2016-01-04",724,0,0,1
"2016-01-05",725,2,2,2
"2016-01-06",735,10,12,12
"2016-01-07",733,0,10,12
"2016-01-08",730,0,0,10
"2016-01-09",725,1,1,1
"2016-01-10",722,1,2,2
"2016-01-11",720,2,3,4
"2016-01-12",742,22,24,25
"2016-01-13",769,27,49,51
"2016-01-14",771,2,29,51
"2016-01-15",768,1,3,30
"2016-01-16",791,23,24,26
"2016-01-17",815,24,47,48
"2016-01-18",828,13,37,60
"2016-01-19",846,19,32,56
"2016-01-20",845,1,20,33
"2016-01-21",893,48,49,68
"2016-01-22",953,63,111,112
"2016-01-23",947,2,65,113
"2016-01-24",938,0,2,65
"2016-01-25",928,0,0,2
"2016-01-26",947,21,21,21
"2016-01-27",954,9,30,30
"2016-01-28",1001,61,70,91
"2016-01-29",1000,9,70,79
"2016-01-30",1012,14,23,84
"2016-01-31",1019,8,22,31
"2016-02-01",1015,0,8,22
"2016-02-02",1010,0,0,8
"2016-02-03",1011,3,3,3
"2016-02-04",1032,21,24,24
"2016-02-05",1085,53,74,77
"2016-02-06",1118,33,86,107
"2016-02-07",1118,1,34,87
"2016-02-08",1120,5,6,39
"2016-02-09",1118,0,5,6
"2016-02-10",1122,4,4,9
"2016-02-11",1123,10,14,14
"2016-02-12",1159,36,46,50
"2016-02-13",1177,18,54,64
"2016-02-14",1193,16,34,70
"2016-02-15",1195,3,19,37
"2016-02-16",1222,27,30,46
"2016-02-17",1232,10,37,40
"2016-02-18",1248,16,26,53
"2016-02-19",1271,23,39,49
"2016-02-20",1282,11,34,50
"2016-02-21",1281,1,12,35
"2016-02-22",1287,6,7,18
"2016-02-23",1285,1,7,8
"2016-02-24",1286,2,3,9
"2016-02-25",1284,1,3,4
"2016-02-26",1282,0,1,3
"2016-02-27",1286,5,5,6
"2016-02-28",1319,33,38,38
"2016-02-29",1337,18,51,56
"2016-03-01",1362,26,44,77
"2016-03-02",1392,30,56,74
"2016-03-03",1419,27,57,83
"2016-03-04",1446,27,54,84
"2016-03-05",1482,36,63,90
"2016-03-06",1496,16,52,79
"2016-03-07",1513,17,33,69
"2016-03-08",1514,2,19,35
"2016-03-09",1514,0,2,19
"2016-03-10",1584,70,70,72
"2016-03-11",1599,15,85,85
"2016-03-12",1643,44,59,129
"2016-03-13",1660,17,61,76
"2016-03-14",1684,24,41,85
"2016-03-15",1686,2,26,43
"2016-03-16",1686,1,3,27
"2016-03-17",1685,0,1,3
"2016-03-18",1683,2,2,3
"2016-03-19",1683,0,2,2
"2016-03-20",1687,4,4,6
"2016-03-21",1701,14,18,18
"2016-03-22",1710,9,23,27
"2016-03-23",1713,4,13,27
"2016-03-24",1733,20,24,33
"2016-03-25",1737,5,25,29
"2016-03-26",1733,2,7,27
"2016-03-27",1739,6,8,13
"2016-03-28",1737,6,12,14
"2016-03-29",1735,3,9,15
"2016-03-30",1736,5,8,14
"2016-03-31",1732,3,8,11
"2016-04-01",1729,6,9,14
"2016-04-02",1722,3,9,12
"2016-04-03",1719,2,5,11
"2016-04-04",1726,11,13,16
"2016-04-05",1722,1,12,14
"2016-04-06",1731,9,10,21
"2016-04-07",1727,5,14,15
"2016-04-08",1717,3,8,17
"2016-04-09",1716,9,12,17
"2016-04-10",1703,5,14,17
"2016-04-11",1687,2,7,16
"2016-04-12",1683,9,11,16
"2016-04-13",1686,4,13,15
"2016-04-14",1676,1,5,14
"2016-04-15",1663,0,1,5
"2016-04-16",1657,1,1,2
"2016-04-17",1653,4,5,5
"2016-04-18",1661,17,21,22
"2016-04-19",1660,10,27,31
"2016-04-20",1643,6,16,33
"2016-04-21",1618,6,12,22
"2016-04-22",1593,3,9,15
"2016-04-23",1562,0,3,9
"2016-04-24",1549,1,1,4
"2016-04-25",1542,4,5,5
"2016-04-26",1529,10,14,15
"2016-04-27",1506,7,17,21
"2016-04-28",1492,5,12,22
"2016-04-29",1483,7,12,19
"2016-04-30",1477,14,21,26
"2016-05-01",NA,13,27,34
"2016-05-02",NA,11,24,38
"2016-05-03",NA,2,13,26
"2016-05-04",NA,4,6,17
"2016-05-05",NA,10,14,16
"2016-05-06",NA,15,25,29
"2016-05-07",NA,10,25,35
"2016-05-08",NA,6,16,31
"2016-05-09",NA,9,15,25
"2016-05-10",NA,12,21,27
"2016-05-11",NA,3,15,24
"2016-05-12",NA,10,13,25
"2016-05-13",NA,11,21,24
"2016-05-14",NA,8,19,29
"2016-05-15",NA,8,16,27
"2016-05-16",NA,2,10,18
"2016-05-17",NA,7,9,17
"2016-05-18",NA,0,7,9
"2016-05-19",NA,7,7,14
"2016-05-20",NA,8,15,15
"2016-05-21",NA,9,17,24
"2016-05-22",NA,3,12,20
"2016-05-23",NA,2,5,14
"2016-05-24",NA,0,2,5
"2016-05-25",NA,6,6,8
"2016-05-26",NA,5,11,11
"2016-05-27",NA,4,9,15
"2016-05-28",NA,17,21,26
"2016-05-29",NA,17,34,38
"2016-05-30",NA,8,25,42
"2016-05-31",NA,7,15,32
"2016-06-01",NA,2,9,17
"2016-06-02",NA,0,2,9
"2016-06-03",NA,0,0,2
"2016-06-04",NA,4,4,4
"2016-06-05",NA,6,10,10
"2016-06-06",NA,4,10,14
"2016-06-07",NA,4,8,14
"2016-06-08",NA,0,4,8
"2016-06-09",NA,0,0,4
"2016-06-10",NA,0,0,0
"2016-06-11",NA,1,1,1
"2016-06-12",NA,0,1,1
"2016-06-13",NA,0,0,1
"2016-06-14",NA,1,1,1
"2016-06-15",NA,0,1,1
"2016-06-16",NA,5,5,6
"2016-06-17",NA,2,7,7
"2016-06-18",NA,1,3,8
"2016-06-19",NA,0,1,3
"2016-06-20",NA,1,1,2
"2016-06-21",NA,0,1,1
"2016-06-22",NA,0,0,1
"2016-06-23",NA,0,0,0
"2016-06-24",NA,0,0,0
"2016-06-25",NA,0,0,0
"2016-06-26",NA,1,1,1
"2016-06-27",NA,1,2,2
"2016-06-28",NA,4,5,6
"2016-06-29",NA,5,9,10
"2016-06-30",NA,5,10,14
"2016-07-01",NA,2,7,12
"2016-07-02",NA,2,4,9
"2016-07-03",NA,1,3,5
"2016-07-04",NA,1,2,4
"2016-07-05",NA,1,2,3
"2016-07-06",NA,3,4,5
"2016-07-07",NA,1,4,5
"2016-07-08",NA,2,3,6
"2016-07-09",NA,1,3,4
"2016-07-10",NA,3,4,6
"2016-07-11",NA,1,4,5
"2016-07-12",NA,0,1,4
"2016-07-13",NA,2,2,3
"2016-07-14",NA,2,4,4
"2016-07-15",NA,4,6,8
"2016-07-16",NA,4,8,10
"2016-07-17",NA,2,6,10
"2016-07-18",NA,4,6,10
"2016-07-19",NA,1,5,7
"2016-07-20",NA,0,1,5
"2016-07-21",NA,5,5,6
"2016-07-22",NA,4,9,9
"2016-07-23",NA,2,6,11
"2016-07-24",NA,6,8,12
"2016-07-25",NA,6,12,14
"2016-07-26",NA,6,12,18
"2016-07-27",NA,7,13,19
"2016-07-28",NA,6,13,19
"2016-07-29",NA,7,13,20
"2016-07-30",NA,4,11,17
"2016-07-31",NA,4,8,15
"2016-08-01",NA,6,10,14
"2016-08-02",NA,3,9,13
"2016-08-03",NA,1,4,10
"2016-08-04",NA,3,4,7
"2016-08-05",NA,3,6,7
"2016-08-06",NA,4,7,10
"2016-08-07",NA,1,5,8
"2016-08-08",NA,4,5,9
"2016-08-09",NA,0,4,5
"2016-08-10",NA,0,0,4
"2016-08-11",NA,6,6,6
"2016-08-12",NA,6,12,12
"2016-08-13",NA,7,13,19
"2016-08-14",NA,5,12,18
"2016-08-15",NA,6,11,18
"2016-08-16",NA,6,12,17
"2016-08-17",NA,7,13,19
"2016-08-18",NA,6,13,19
"2016-08-19",NA,6,12,19
"2016-08-20",NA,7,13,19
"2016-08-21",NA,1,8,14
"2016-08-22",NA,4,5,12
"2016-08-23",NA,5,9,10
"2016-08-24",NA,6,11,15
"2016-08-25",NA,6,12,17
"2016-08-26",NA,6,12,18
"2016-08-27",NA,4,10,16
"2016-08-28",NA,0,4,10
"2016-08-29",NA,4,4,8
"2016-08-30",NA,2,6,6
"2016-08-31",NA,2,4,8
"2016-09-01",NA,0,2,4
"2016-09-02",NA,1,1,3
"2016-09-03",NA,1,2,2
"2016-09-04",NA,3,4,5
"2016-09-05",NA,0,3,4
"2016-09-06",NA,2,2,5
"2016-09-07",NA,2,4,4
"2016-09-08",NA,2,4,6
"2016-09-09",NA,2,4,6
"2016-09-10",NA,2,4,6
"2016-09-11",NA,4,6,8
"2016-09-12",NA,6,10,12
"2016-09-13",NA,7,13,17
"2016-09-14",NA,7,14,20
"2016-09-15",NA,6,13,20
"2016-09-16",NA,2,8,15
"2016-09-17",NA,2,4,10
"2016-09-18",NA,0,2,4
"2016-09-19",NA,0,0,2
"2016-09-20",NA,2,2,2
"2016-09-21",NA,5,7,7
"2016-09-22",NA,6,11,13
"2016-09-23",NA,1,7,12
"2016-09-24",NA,1,2,8
"2016-09-25",NA,0,1,2
"2016-09-26",NA,3,3,4
"2016-09-27",NA,3,6,6
"2016-09-28",NA,6,9,12
"2016-09-29",NA,5,11,14
"2016-09-30",NA,4,9,15
"2016-10-01",NA,1,5,10
"2016-10-02",NA,5,6,10
"2016-10-03",NA,2,7,8
"2016-10-04",NA,4,6,11
"2016-10-05",NA,2,6,8
"2016-10-06",NA,1,3,7
"2016-10-07",NA,15,16,18
"2016-10-08",NA,31,46,47
"2016-10-09",NA,4,35,50
"2016-10-10",NA,5,9,40
"2016-10-11",NA,8,13,17
"2016-10-12",NA,6,14,19
"2016-10-13",NA,20,26,34
"2016-10-14",NA,26,46,52
"2016-10-15",NA,14,40,60
"2016-10-16",NA,8,22,48
"2016-10-17",NA,1,9,23
"2016-10-18",NA,0,1,9
"2016-10-19",NA,0,0,1
"2016-10-20",NA,13,13,13
"2016-10-21",NA,7,20,20
"2016-10-22",NA,6,13,26
"2016-10-23",NA,4,10,17
"2016-10-24",NA,0,4,10
"2016-10-25",NA,0,0,4
"2016-10-26",NA,6,6,6
"2016-10-27",NA,1,7,7
"2016-10-28",NA,0,1,7
"2016-10-29",NA,4,4,5
"2016-10-30",NA,3,7,7
"2016-10-31",NA,9,12,16
"2016-11-01",36,0,9,12
"2016-11-02",92,56,56,65
"2016-11-03",87,4,60,60
"2016-11-04",82,1,5,61
"2016-11-05",57,0,1,5
"2016-11-06",50,0,0,1
"2016-11-07",39,0,0,0
"2016-11-08",4,0,0,0
"2016-11-09",-4,0,0,0
"2016-11-10",-5,2,2,2
"2016-11-11",-6,0,2,2
"2016-11-12",-6,0,0,2
"2016-11-13",3,10,10,10
"2016-11-14",23,21,31,31
"2016-11-15",30,8,29,39
"2016-11-16",29,2,10,31
"2016-11-17",34,6,8,16
"2016-11-18",33,1,7,9
"2016-11-19",41,8,9,15
"2016-11-20",82,41,49,50
"2016-11-21",95,13,54,62
"2016-11-22",133,39,52,93
"2016-11-23",173,40,79,92
"2016-11-24",258,85,125,164
"2016-11-25",275,18,103,143
"2016-11-26",300,26,44,129
"2016-11-27",304,5,31,49
"2016-11-28",318,15,20,46
"2016-11-29",316,0,15,20
"2016-11-30",326,10,10,25
"2016-12-01",324,0,10,10
"2016-12-02",353,29,29,39
"2016-12-03",360,8,37,37
"2016-12-04",368,9,17,46
"2016-12-05",366,1,10,18
"2016-12-06",365,2,3,12
"2016-12-07",363,2,4,5
"2016-12-08",364,3,5,7
"2016-12-09",368,5,8,10
"2016-12-10",378,11,16,19
"2016-12-11",388,10,21,26
"2016-12-12",387,2,12,23
"2016-12-13",385,2,4,14
"2016-12-14",385,2,4,6
"2016-12-15",385,2,4,6
"2016-12-16",384,2,4,6
"2016-12-17",384,2,4,6
"2016-12-18",393,10,12,14
"2016-12-19",438,45,55,57
"2016-12-20",459,21,66,76
"2016-12-21",460,1,22,67
"2016-12-22",470,10,11,32
"2016-12-23",472,2,12,13
"2016-12-24",472,1,3,13
"2016-12-25",469,1,2,4
"2016-12-26",485,16,17,18
"2016-12-27",518,33,49,50
"2016-12-28",532,14,47,63
"2016-12-29",579,47,61,94
"2016-12-30",580,2,49,63
"2016-12-31",582,2,4,51
"2017-01-01",584,2,4,6
"2017-01-02",582,0,2,4
"2017-01-03",581,1,1,3
"2017-01-04",583,2,3,3
"2017-01-05",583,1,3,4
"2017-01-06",588,5,6,8
"2017-01-07",591,4,9,10
"2017-01-08",592,1,5,10
"2017-01-09",624,32,33,37
"2017-01-10",623,1,33,34
"2017-01-11",622,2,3,35
"2017-01-12",621,1,3,4
"2017-01-13",621,1,2,4
"2017-01-14",623,2,3,4
"2017-01-15",624,1,3,4
"2017-01-16",631,7,8,10
"2017-01-17",721,90,97,98
"2017-01-18",796,75,165,172
"2017-01-19",833,37,112,202
"2017-01-20",852,19,56,131
"2017-01-21",853,2,21,58
"2017-01-22",858,5,7,26
"2017-01-23",860,3,8,10
"2017-01-24",858,2,5,10
"2017-01-25",858,0,2,5
"2017-01-26",857,0,0,2
"2017-01-27",856,1,1,1
"2017-01-28",856,1,2,2
"2017-01-29",863,8,9,10
"2017-01-30",863,2,10,11
"2017-01-31",860,2,4,12
"2017-02-01",860,3,5,7
"2017-02-02",859,2,5,7
"2017-02-03",865,8,10,13
"2017-02-04",893,28,36,38
"2017-02-05",908,15,43,51
"2017-02-06",908,2,17,45
"2017-02-07",909,2,4,19
"2017-02-08",908,0,2,4
"2017-02-09",962,54,54,56
"2017-02-10",999,37,91,91
"2017-02-11",1005,6,43,97
"2017-02-12",1005,1,7,44
"2017-02-13",1007,2,3,9
"2017-02-14",1007,0,2,3
"2017-02-15",1061,54,54,56
"2017-02-16",1101,49,103,103
"2017-02-17",1100,0,49,103
"2017-02-18",1089,0,0,49
"2017-02-19",1091,5,5,5
"2017-02-20",1106,16,21,21
"2017-02-21",1105,3,19,24
"2017-02-22",1100,0,3,19
"2017-02-23",1095,1,1,4
"2017-02-24",1096,1,2,2
"2017-02-25",1092,1,2,3
"2017-02-26",1094,2,3,4
"2017-02-27",1088,0,2,3
"2017-02-28",1087,1,1,3
"2017-03-01",1102,15,16,16
"2017-03-02",1121,19,34,35
"2017-03-03",1163,42,61,76
"2017-03-04",1175,12,54,73
"2017-03-05",1175,2,14,56
"2017-03-06",1182,7,9,21
"2017-03-07",1197,15,22,24
"2017-03-08",1208,11,26,33
"2017-03-09",1210,2,13,28
"2017-03-10",1240,30,32,43
"2017-03-11",1255,15,45,47
"2017-03-12",1276,21,36,66
"2017-03-13",1307,31,52,67
"2017-03-14",1326,19,50,71
"2017-03-15",1331,9,28,59
"2017-03-16",1344,14,23,42
"2017-03-17",1362,18,32,41
"2017-03-18",1384,22,40,54
"2017-03-19",1385,1,23,41
"2017-03-20",1380,1,2,24
"2017-03-21",1387,8,9,10
"2017-03-22",1414,27,35,36
"2017-03-23",1430,16,43,51
"2017-03-24",1459,29,45,72
"2017-03-25",1480,21,50,66
"2017-03-26",1485,7,28,57
"2017-03-27",1500,15,22,43
"2017-03-28",1537,37,52,59
"2017-03-29",1567,30,67,82
"2017-03-30",1577,10,40,77
"2017-03-31",1574,0,10,40
"2017-04-01",1598,25,25,35
"2017-04-02",1602,6,31,31
"2017-04-03",1599,2,8,33
"2017-04-04",1598,2,4,10
"2017-04-05",1638,40,42,44
"2017-04-06",1657,19,59,61
"2017-04-07",1673,17,36,76
"2017-04-08",1707,34,51,70
"2017-04-09",1713,6,40,57
"2017-04-10",1720,8,14,48
"2017-04-11",1728,8,16,22
"2017-04-12",1734,9,17,25
"2017-04-13",1747,13,22,30
"2017-04-14",1754,7,20,29
"2017-04-15",1756,2,9,22
"2017-04-16",1752,1,3,10
"2017-04-17",1755,4,5,7
"2017-04-18",1774,19,23,24
"2017-04-19",1786,13,32,36
"2017-04-20",1796,10,23,42
"2017-04-21",1791,1,11,24
"2017-04-22",1783,0,1,11
"2017-04-23",1788,5,5,6
"2017-04-24",1789,3,8,8
"2017-04-25",1783,0,3,8
"2017-04-26",1780,3,3,6
"2017-04-27",1782,4,7,7
"2017-04-28",1777,2,6,9
"2017-04-29",1771,4,6,10
"2017-04-30",1781,10,14,16
"2017-05-01",NA,3,13,17
"2017-05-02",NA,2,5,15
"2017-05-03",NA,1,3,6
"2017-05-04",NA,56,57,59
"2017-05-05",NA,30,86,87
"2017-05-06",NA,56,86,142
"2017-05-07",NA,44,100,130
"2017-05-08",NA,18,62,118
"2017-05-09",NA,12,30,74
"2017-05-10",NA,16,28,46
"2017-05-11",NA,3,19,31
"2017-05-12",NA,64,67,83
"2017-05-13",NA,45,109,112
"2017-05-14",NA,17,62,126
"2017-05-15",NA,18,35,80
"2017-05-16",NA,39,57,74
"2017-05-17",NA,21,60,78
"2017-05-18",NA,20,41,80
"2017-05-19",NA,25,45,66
"2017-05-20",NA,22,47,67
"2017-05-21",NA,31,53,78
"2017-05-22",NA,22,53,75
"2017-05-23",NA,23,45,76
"2017-05-24",NA,20,43,65
"2017-05-25",NA,12,32,55
"2017-05-26",NA,18,30,50
"2017-05-27",NA,14,32,44
"2017-05-28",NA,11,25,43
"2017-05-29",NA,12,23,37
"2017-05-30",NA,5,17,28
"2017-05-31",NA,2,7,19
"2017-06-01",NA,0,2,7
"2017-06-02",NA,1,1,3
"2017-06-03",NA,5,6,6
"2017-06-04",NA,8,13,14
"2017-06-05",NA,14,22,27
"2017-06-06",NA,10,24,32
"2017-06-07",NA,10,20,34
"2017-06-08",NA,685.75,695.75,705.75
"2017-06-09",NA,3,688.75,698.75
"2017-06-10",NA,9,12,697.75
"2017-06-11",NA,8,17,20
"2017-06-12",NA,3,11,20
"2017-06-13",NA,0,3,11
"2017-06-14",NA,0,0,3
"2017-06-15",NA,1,1,1
"2017-06-16",NA,1,2,2
"2017-06-17",NA,4,5,6
"2017-06-18",NA,2,6,7
"2017-06-19",NA,0,2,6
"2017-06-20",NA,0,0,2
"2017-06-21",NA,4,4,4
"2017-06-22",NA,6,10,10
"2017-06-23",NA,6,12,16
"2017-06-24",NA,5,11,17
"2017-06-25",NA,4,9,15
"2017-06-27",NA,3,4,8
"2017-06-28",NA,3,6,7
"2017-06-29",NA,4,7,10
"2017-06-30",NA,3,7,10
"2017-07-01",NA,2,5,9
"2017-07-02",NA,1,3,6
"2017-07-03",NA,0,1,3
"2017-07-04",NA,2,2,3
"2017-07-05",NA,2,4,4
"2017-07-06",NA,1,3,5
"2017-07-07",NA,1,2,4
"2017-07-08",NA,1,2,3
"2017-07-09",NA,2,3,4
"2017-07-10",NA,5,7,8
"2017-07-11",NA,3,8,10
"2017-07-12",NA,4.33333333333333,7.33333333333333,11.3333333333333
"2017-07-13",NA,1,5.33333333333333,8.33333333333333
"2017-07-14",NA,6,7,11.3333333333333
"2017-07-15",NA,3,9,10
"2017-07-16",NA,2,5,11
"2017-07-17",NA,6,8,11
"2017-07-18",NA,7,13,15
"2017-07-19",NA,5,12,18
"2017-07-20",NA,2,7,14
"2017-07-21",NA,1,3,8
"2017-07-22",NA,2,3,5
"2017-07-23",NA,3,5,6
"2017-07-24",NA,6,9,11
"2017-07-25",NA,7,13,16
"2017-07-26",NA,6,13,19
"2017-07-27",NA,4,10,17
"2017-07-28",NA,6,10,16
"2017-07-29",NA,6,12,16
"2017-07-30",NA,4,10,16
"2017-07-31",NA,7,11,17
"2017-08-01",NA,7,14,18
"2017-08-02",NA,7,14,21
"2017-08-03",NA,7,14,21
"2017-08-04",NA,6,13,20
"2017-08-05",NA,5,11,18
"2017-08-06",NA,7,12,18
"2017-08-07",NA,8,15,20
"2017-08-08",NA,6,14,21
"2017-08-09",NA,8,14,22
"2017-08-10",NA,6,14,20
"2017-08-11",NA,5,11,19
"2017-08-12",NA,5,10,16
"2017-08-13",NA,2,7,12
"2017-08-14",NA,3,5,10
"2017-08-15",NA,4,7,9
"2017-08-16",NA,4,8,11
"2017-08-17",NA,4,8,12
"2017-08-18",NA,1,5,9
"2017-08-19",NA,3,4,8
"2017-08-20",NA,2,5,6
"2017-08-21",NA,6,8,11
"2017-08-22",NA,5,11,13
"2017-08-23",NA,3,8,14
"2017-08-24",NA,1,4,9
"2017-08-25",NA,4,5,8
"2017-08-26",NA,5,9,10
"2017-08-27",NA,8,13,17
"2017-08-28",NA,7,15,20
"2017-08-29",NA,6,13,21
"2017-08-30",NA,1,7,14
"2017-08-31",NA,4,5,11
"2017-09-01",NA,4,8,9
"2017-09-02",NA,5,9,13
"2017-09-03",NA,6,11,15
"2017-09-04",NA,6,12,17
"2017-09-05",NA,4,10,16
"2017-09-06",NA,5,9,15
"2017-09-07",NA,2,7,11
"2017-09-08",NA,1,3,8
"2017-09-09",NA,1,2,4
"2017-09-10",NA,1,2,3
"2017-09-11",NA,1,2,3
"2017-09-12",NA,3,4,5
"2017-09-13",NA,3,6,7
"2017-09-14",NA,6,9,12
"2017-09-15",NA,6,12,15
"2017-09-16",NA,4,10,16
"2017-09-17",NA,1,5,11
"2017-09-18",NA,0,1,5
"2017-09-19",NA,2,2,3
"2017-09-20",NA,3,5,5
"2017-09-21",NA,2,5,7
"2017-09-22",NA,5,7,10
"2017-09-23",NA,4,9,11
"2017-09-24",NA,2,6,11
"2017-09-25",NA,0,2,6
"2017-09-26",NA,2,2,4
"2017-09-27",NA,5,7,7
"2017-09-28",NA,6,11,13
"2017-09-29",NA,0,6,11
"2017-09-30",NA,0,0,6
"2017-10-01",NA,1,1,1
"2017-10-02",NA,3,4,4
"2017-10-03",NA,6,9,10
"2017-10-04",NA,7,13,16
"2017-10-05",NA,6,13,19
"2017-10-06",NA,2,8,15
"2017-10-07",NA,0,2,8
"2017-10-08",NA,5,5,7
"2017-10-09",NA,2,7,7
"2017-10-10",NA,1,3,8
"2017-10-11",NA,0,1,3
"2017-10-12",NA,3,3,4
"2017-10-13",NA,3,6,6
"2017-10-14",NA,4,7,10
"2017-10-15",NA,1,5,8
"2017-10-16",NA,0,1,5
"2017-10-17",NA,0,0,1
"2017-10-18",NA,48,48,48
"2017-10-19",NA,13,61,61
"2017-10-20",NA,4,17,65
"2017-10-21",NA,15,19,32
"2017-10-22",NA,18,33,37
"2017-10-23",NA,1,19,34
"2017-10-24",NA,3,4,22
"2017-10-25",NA,0,3,4
"2017-10-26",NA,5,5,8
"2017-10-27",NA,2,7,7
"2017-10-28",NA,3,5,10
"2017-10-29",NA,0,3,5
"2017-10-30",NA,6,6,9
"2017-10-31",NA,5,11,11
"2017-11-01",40,3,8,14
"2017-11-02",52,15,18,23
"2017-11-03",52,4,19,22
"2017-11-04",53,5,9,24
"2017-11-05",53,3,8,12
"2017-11-06",53,4,7,12
"2017-11-07",52,1,5,8
"2017-11-08",57,5,6,10
"2017-11-09",59,2,7,8
"2017-11-10",60,2,4,9
"2017-11-11",58,0,2,4
"2017-11-12",99,41,41,43
"2017-11-13",153,54,95,95
"2017-11-14",216,63,117,158
"2017-11-15",309,93,156,210
"2017-11-16",331,22,115,178
"2017-11-17",337,6,28,121
"2017-11-18",348,11,17,39
"2017-11-19",441,93,104,110
"2017-11-20",466,25,118,129
"2017-11-21",484,20,45,138
"2017-11-22",496,17,37,62
"2017-11-23",468,0,17,37
"2017-11-24",481,14,14,31
"2017-11-25",512,31,45,45
"2017-11-26",546,36,67,81
"2017-11-27",538,1,37,68
"2017-11-28",570,32,33,69
"2017-11-29",577,7,39,40
"2017-11-30",608,31,38,70
"2017-12-01",631,23,54,61
"2017-12-02",649,18,41,72
"2017-12-03",646,0,18,41
"2017-12-04",644,0,0,18
"2017-12-05",645,2,2,2
"2017-12-06",645,1,3,3
"2017-12-07",645,1,2,4
"2017-12-08",643,2,3,4
"2017-12-09",642,1,3,4
"2017-12-10",641,0,1,3
"2017-12-11",641,2,2,3
"2017-12-12",638,0,2,2
"2017-12-13",638,1,1,3
"2017-12-14",637,1,2,2
"2017-12-15",638,1,2,3
"2017-12-16",635,1,2,3
"2017-12-17",656,21,22,23
"2017-12-18",672,16,37,38
"2017-12-19",686,15,31,52
"2017-12-20",687,2,17,33
"2017-12-21",686,0,2,17
"2017-12-22",686,1,1,3
"2017-12-23",684,2,3,3
"2017-12-24",682,0,2,3
"2017-12-25",686,4,4,6
"2017-12-26",685,1,5,5
"2017-12-27",689,5,6,10
"2017-12-28",717,28,33,34
"2017-12-29",722,5,33,38
"2017-12-30",742,20,25,53
"2017-12-31",741,1,21,26
"2018-01-01",742,2,3,23
"2018-01-02",742,1,3,4
"2018-01-03",743,2,3,5
"2018-01-04",743,0,2,3
"2018-01-05",736,4,4,6
"2018-01-06",745,15,19,19
"2018-01-07",770,25,40,44
"2018-01-08",789,19,44,59
"2018-01-09",809,20,39,64
"2018-01-10",808,0,20,39
"2018-01-11",807,0,0,20
"2018-01-12",810,4,4,4
"2018-01-13",824,14,18,18
"2018-01-14",824,1,15,19
"2018-01-15",822,0,1,15
"2018-01-16",828,15,15,16
"2018-01-17",879,51,66,66
"2018-01-18",915,36,87,102
"2018-01-19",944,29,65,116
"2018-01-20",967,23,52,88
"2018-01-21",1090,123,146,175
"2018-01-22",1113,23,146,169
"2018-01-23",1132,21,44,167
"2018-01-24",1159,27,48,71
"2018-01-25",1177,18,45,66
"2018-01-26",1202,25,43,70
"2018-01-27",1218,17,42,60
"2018-01-28",1256,38,55,80
"2018-01-29",1322,66,104,121
"2018-01-30",1337,15,81,119
"2018-01-31",1339,2,17,83
"2018-02-01",1352,13,15,30
"2018-02-02",1373,21,34,36
"2018-02-03",1382,9,30,43
"2018-02-04",1402,20,29,50
"2018-02-05",1407,5,25,34
"2018-02-06",1407,1,6,26
"2018-02-07",1420,13,14,19
"2018-02-08",1420,17,30,31
"2018-02-09",1432,14,31,44
"2018-02-10",1430,5,19,36
"2018-02-11",1428,6,11,25
"2018-02-12",1425,8,14,19
"2018-02-13",1426,4,12,18
"2018-02-14",1442,16,20,28
"2018-02-15",1439,1,17,21
"2018-02-16",1447,8,9,25
"2018-02-17",1471,24,32,33
"2018-02-18",1477,6,30,38
"2018-02-19",1477,7,13,37
"2018-02-20",1482,5,12,18
"2018-02-21",1482,3,8,15
"2018-02-22",1481,1,4,9
"2018-02-23",1482,5,6,9
"2018-02-24",1489,7,12,13
"2018-02-25",1499,10,17,22
"2018-02-26",1498,1,11,18
"2018-02-27",1504,6,7,17
"2018-02-28",1520,16,22,23
"2018-03-01",1572,52,68,74
"2018-03-02",1574,2,54,70
"2018-03-03",1574,0,2,54
"2018-03-04",1575,1,1,3
"2018-03-05",1576,1,2,2
"2018-03-06",1577,1,2,3
"2018-03-07",1575,1,2,3
"2018-03-08",1580,5,6,7
"2018-03-09",1595,15,20,21
"2018-03-10",1595,2,17,22
"2018-03-11",1596,1,3,18
"2018-03-12",1597,1,2,4
"2018-03-13",1596,2,3,4
"2018-03-14",1606,10,12,13
"2018-03-15",1611,5,15,17
"2018-03-16",1612,2,7,17
"2018-03-17",1612,2,4,9
"2018-03-18",1613,5,7,9
"2018-03-19",1612,0,5,7
"2018-03-20",1610,0,0,5
"2018-03-21",1609,1,1,1
"2018-03-22",1642,33,34,34
"2018-03-23",1675,33,66,67
"2018-03-24",1689,14,47,80
"2018-03-25",1691,2,16,49
"2018-03-26",1706,15,17,31
"2018-03-27",1739,33,48,50
"2018-03-28",1742,3,36,51
"2018-03-29",1741,0,3,36
"2018-03-30",1747,6,6,9
"2018-03-31",1745,1,7,7
"2018-04-01",1747,5,6,12
"2018-04-02",1748,3,8,9
"2018-04-03",1753,5,8,13
"2018-04-04",1754,1,6,9
"2018-04-05",1770,16,17,22
"2018-04-06",1778,8,24,25
"2018-04-07",1777,16,24,40
"2018-04-08",1787,10,26,34
"2018-04-09",1731,3,13,29
"2018-04-10",1747,27,30,40
"2018-04-11",1767,33,60,63
"2018-04-12",1802,35,68,95
"2018-04-13",1828,26,61,94
"2018-04-14",1841,13,39,74
"2018-04-15",1839,0,13,39
"2018-04-16",1839,1,1,14
"2018-04-17",1842,3,4,4
"2018-04-18",1841,0,3,4
"2018-04-19",1838,2,2,5
"2018-04-20",1836,0,2,2
"2018-04-21",1853,17,17,19
"2018-04-22",1853,1,18,18
"2018-04-23",1851,2,3,20
"2018-04-24",1813,2,4,5
"2018-04-25",1805,14,16,18
"2018-04-26",1809,18,32,34
"2018-04-27",1813,13,31,45
"2018-04-28",1805,2,15,33
"2018-04-29",1819,15,17,30
"2018-04-30",1813,5,20,22
"2018-05-01",NA,10,15,30
"2018-05-02",NA,7,17,22
"2018-05-03",NA,5,12,22
"2018-05-04",NA,3,8,15
"2018-05-05",NA,11,14,19
"2018-05-06",NA,8,19,22
"2018-05-07",NA,7,15,26
"2018-05-08",NA,8,15,23
"2018-05-09",NA,1,9,16
"2018-05-10",NA,7,8,16
"2018-05-11",NA,9,16,17
"2018-05-12",NA,7,16,23
"2018-05-13",NA,8,15,24
"2018-05-14",NA,7,15,22
"2018-05-15",NA,8,15,23
"2018-05-16",NA,9,17,24
"2018-05-17",NA,8,17,25
"2018-05-18",NA,8,16,25
"2018-05-19",NA,2,10,18
"2018-05-20",NA,0,2,10
"2018-05-21",NA,3,3,5
"2018-05-22",NA,11,14,14
"2018-05-23",NA,10,21,24
"2018-05-24",NA,7,17,28
"2018-05-25",NA,7,14,24
"2018-05-26",NA,7,14,21
"2018-05-27",NA,6,13,20
"2018-05-28",NA,5,11,18
"2018-05-29",NA,4,9,15
"2018-05-30",NA,6,10,15
"2018-05-31",NA,5,11,15
"2018-06-01",NA,4,9,15
"2018-06-02",NA,0,4,9
"2018-06-03",NA,1,1,5
"2018-06-04",NA,4,5,5
"2018-06-05",NA,2,6,7
"2018-06-06",NA,1,3,7
"2018-06-07",NA,2,3,5
"2018-06-08",NA,0,2,3
"2018-06-09",NA,2,2,4
"2018-06-10",NA,2,4,4
"2018-06-11",NA,4,6,8
"2018-06-12",NA,7,11,13
"2018-06-13",NA,1,8,12
"2018-06-14",NA,1,2,9
"2018-06-15",NA,3,4,5
"2018-06-16",NA,1,4,5
"2018-06-17",NA,2,3,6
"2018-06-18",NA,2,4,5
"2018-06-19",NA,0,2,4
"2018-06-20",NA,0,0,2
"2018-06-21",NA,0,0,0
"2018-06-22",NA,0,0,0
"2018-06-23",NA,0,0,0
"2018-06-24",NA,0,0,0
"2018-06-25",NA,0,0,0
"2018-06-26",NA,0,0,0
"2018-06-27",NA,1,1,1
"2018-06-28",NA,0,1,1
"2018-06-29",NA,0,0,1
"2018-06-30",NA,0,0,0
"2018-07-01",NA,0,0,0
"2018-07-02",NA,1,1,1
"2018-07-03",NA,0,1,1
"2018-07-04",NA,2,2,3
"2018-07-05",NA,2,4,4
"2018-07-06",NA,0,2,4
"2018-07-07",NA,0,0,2
"2018-07-08",NA,3,3,3
"2018-07-09",NA,4,7,7
"2018-07-10",NA,1,5,8
"2018-07-11",NA,4,5,9
"2018-07-12",NA,8,12,13
"2018-07-13",NA,4,12,16
"2018-07-14",NA,7,11,19
"2018-07-15",NA,7,14,18
"2018-07-16",NA,7,14,21
"2018-07-17",NA,7,14,21
"2018-07-18",NA,4,11,18
"2018-07-19",NA,3,7,14
"2018-07-20",NA,3,6,10
"2018-07-21",NA,4,7,10
"2018-07-22",NA,6,10,13
"2018-07-23",NA,6,12,16
"2018-07-24",NA,5,11,17
"2018-07-25",NA,6,11,17
"2018-07-26",NA,5,11,16
"2018-07-27",NA,11,17,23
"2018-07-28",NA,7,18,24
"2018-07-29",NA,7,14,25
"2018-07-30",NA,7,14,21
"2018-07-31",NA,5,12,19
"2018-08-01",NA,3,8,15
"2018-08-02",NA,2,5,10
"2018-08-03",NA,3,5,8
"2018-08-04",NA,4,7,9
"2018-08-05",NA,6,10,13
"2018-08-06",NA,6,12,16
"2018-08-07",NA,6,12,18
"2018-08-08",NA,7,13,19
"2018-08-09",NA,5,12,18
"2018-08-10",NA,6,11,18
"2018-08-11",NA,0,6,11
"2018-08-12",NA,3,3,9
"2018-08-13",NA,5,8,8
"2018-08-14",NA,5,10,13
"2018-08-15",NA,5,10,15
"2018-08-16",NA,4,9,14
"2018-08-17",NA,3,7,12
"2018-08-18",NA,5,8,12
"2018-08-19",NA,4,9,12
"2018-08-20",NA,5,9,14
"2018-08-21",NA,7,12,16
"2018-08-22",NA,5,12,17
"2018-08-23",NA,2,7,14
"2018-08-24",NA,2,4,9
"2018-08-25",NA,1,3,5
"2018-08-26",NA,1,2,4
"2018-08-27",NA,5,6,7
"2018-08-28",NA,6,11,12
"2018-08-29",NA,0,6,11
"2018-08-30",NA,0,0,6
"2018-08-31",NA,1,1,1
"2018-09-01",NA,3,4,4
"2018-09-02",NA,3,6,7
"2018-09-03",NA,3,6,9
"2018-09-04",NA,4,7,10
"2018-09-05",NA,5,9,12
"2018-09-06",NA,6,11,15
"2018-09-07",NA,0,6,11
"2018-09-08",NA,1,1,7
"2018-09-09",NA,0,1,1
"2018-09-10",NA,0,0,1
"2018-09-11",NA,3,3,3
"2018-09-12",NA,3,6,6
"2018-09-14",NA,0,3,4
"2018-09-15",NA,0,0,3
"2018-09-16",NA,0,0,0
"2018-09-17",NA,1,1,1
"2018-09-18",NA,5,6,6
"2018-09-19",NA,4,9,10
"2018-09-20",NA,0,4,9
"2018-09-21",NA,1,1,5
"2018-09-22",NA,1,2,2
"2018-09-23",NA,1,2,3
"2018-09-24",NA,4,5,6
"2018-09-25",NA,5,9,10
"2018-09-26",NA,5,10,14
"2018-09-27",NA,5,10,15
"2018-09-28",NA,5,10,14
"2018-09-29",NA,3,8,13
"2018-09-30",NA,1,4,9
"2018-10-01",NA,0,1,4
"2018-10-02",NA,13,13,14
"2018-10-03",NA,4,17,17
"2018-10-04",NA,3,7,20
"2018-10-05",NA,1,4,8
"2018-10-06",NA,5,6,9
"2018-10-07",NA,0,5,6
"2018-10-08",NA,0,0,5
"2018-10-09",NA,2,2,2
"2018-10-10",NA,4,6,6
"2018-10-11",NA,4,8,10
"2018-10-12",NA,3,7,11
"2018-10-13",NA,4,7,11
"2018-10-14",NA,6,10,13
"2018-10-15",NA,7,13,17
"2018-10-16",NA,7,14,20
"2018-10-17",NA,6,13,20
"2018-10-18",NA,4,10,17
"2018-10-19",NA,6,10,16
"2018-10-20",NA,5,11,15
"2018-10-21",NA,6,11,17
"2018-10-22",NA,6,12,17
"2018-10-23",NA,4,10,16
"2018-10-24",NA,1,5,11
"2018-10-25",NA,3,4,8
"2018-10-26",NA,2,5,6
"2018-10-27",NA,2,4,7
"2018-10-28",NA,23,25,27
"2018-10-29",NA,2,25,27
"2018-10-30",NA,0,2,25
"2018-10-31",NA,11,11,13
"2018-11-01",13,0,11,11
"2018-11-02",-3,0,0,11
"2018-11-03",-5,0,0,0
"2018-11-04",-5,2,2,2
"2018-11-05",-5,2,4,4
"2018-11-06",2,10,12,14
"2018-11-07",1,6,16,18
"2018-11-08",-1,8,14,24
"2018-11-09",1,4,12,18
"2018-11-10",0,6,10,18
"2018-11-11",-2,5,11,15
"2018-11-12",-1,5,10,16
"2018-11-13",-3,1,6,11
"2018-11-14",33,36,37,42
"2018-11-15",37,4,40,41
"2018-11-16",43,6,10,46
"2018-11-17",42,5,11,15
"2018-11-18",44,6,11,17
"2018-11-19",45,5,11,16
"2018-11-20",43,2,7,13
"2018-11-21",61,19,21,26
"2018-11-22",66,5,24,26
"2018-11-23",97,31,36,55
"2018-11-24",98,2,33,38
"2018-11-25",109,11,13,44
"2018-11-26",162,53,64,66
"2018-11-27",168,9,62,73
"2018-11-28",172,5,14,67
"2018-11-29",171,1,6,15
"2018-11-30",173,4,5,10
"2018-12-01",173,2,6,7
"2018-12-02",168,1,3,7
"2018-12-03",167,3,4,6
"2018-12-04",170,3,6,7
"2018-12-05",171,2,5,8
"2018-12-06",170,3,5,8
"2018-12-07",167,3,6,8
"2018-12-08",167,2,5,8
"2018-12-09",193,26,28,31
"2018-12-10",213,20,46,48
"2018-12-11",278,65,85,111
"2018-12-12",287,9,74,94
"2018-12-13",365,78,87,152
"2018-12-14",422,57,135,144
"2018-12-15",438,16,73,151
"2018-12-16",494,56,72,129
"2018-12-17",534,40,96,112
"2018-12-18",588,54,94,150
"2018-12-19",606,18,72,112
"2018-12-20",663,57,75,129
"2018-12-21",685,22,79,97
"2018-12-22",696,12,34,91
"2018-12-23",736,40,52,74
"2018-12-24",736,1,41,53
"2018-12-25",734,0,1,41
"2018-12-26",745,11,11,12
"2018-12-27",744,1,12,12
"2018-12-28",754,10,11,22
"2018-12-29",790,36,46,47
"2018-12-30",791,2,38,48
"2018-12-31",789,0,2,38
"2019-01-01",790,1,1,3
"2019-01-02",811,21,22,22
"2019-01-03",929,118,139,140
"2019-01-04",984,55,173,194
"2019-01-05",989,5,60,178
"2019-01-06",1010,21,26,81
"2019-01-07",1013,4,25,30
"2019-01-08",1016,4,8,29
"2019-01-09",1065,49,53,57
"2019-01-10",1105,40,89,93
"2019-01-11",1120,15,55,104
"2019-01-12",1120,2,17,57
"2019-01-13",1122,2,4,19
"2019-01-14",1122,3,5,7
"2019-01-15",1121,3,6,8
"2019-01-16",1120,3,6,9
"2019-01-17",1118,1,4,7
"2019-01-18",1141,23,24,27
"2019-01-19",1162,21,44,45
"2019-01-20",1163,5,26,49
"2019-01-21",1162,1,6,27
"2019-01-22",1177,15,16,21
"2019-01-23",1213,36,51,52
"2019-01-24",1212,0,36,51
"2019-01-25",1212,1,1,37
"2019-01-26",1212,1,2,2
"2019-01-27",1212,1,2,3
"2019-01-28",1210,0,1,2
"2019-01-29",1209,1,1,2
"2019-01-30",1210,1,2,2
"2019-01-31",1211,1,2,3
"2019-02-01",1260,49,50,51
"2019-02-02",1271,11,60,61
"2019-02-03",1274,4,15,64
"2019-02-04",1274,2,6,17
"2019-02-05",1273,0,2,6
"2019-02-06",1280,9,9,11
"2019-02-07",1288,8,17,17
"2019-02-08",1288,3,11,20
"2019-02-09",1286,1,4,12
"2019-02-10",1283,0,1,4
"2019-02-11",1282,1,1,2
"2019-02-12",1292,10,11,11
"2019-02-13",1296,5,15,16
"2019-02-14",1293,1,6,16
"2019-02-15",1304,11,12,17
"2019-02-16",1310,6,17,18
"2019-02-17",1310,1,7,18
"2019-02-18",1307,1,2,8
"2019-02-19",1307,1,2,3
"2019-02-20",1309,2,3,4
"2019-02-21",1308,1,3,4
"2019-02-22",1322,14,15,17
"2019-02-23",1327,5,19,20
"2019-02-24",1327,0,5,19
"2019-02-25",1325,1,1,6
"2019-02-26",1324,1,2,2
"2019-02-27",1325,2,3,4
"2019-02-28",1335,10,12,13
"2019-03-01",1336,3,13,15
"2019-03-02",1334,0,3,13
"2019-03-03",1333,1,1,4
"2019-03-04",1332,2,3,3
"2019-03-05",1331,1,3,4
"2019-03-06",1332,1,2,4
"2019-03-07",1342,10,11,12
"2019-03-08",1342,1,11,12
"2019-03-09",1342,2,3,13
"2019-03-10",1342,1,3,4
"2019-03-11",1362,20,21,23
"2019-03-12",1382,20,40,41
"2019-03-13",1384,2,22,42
"2019-03-14",1388,4,6,26
"2019-03-15",1394,6,10,12
"2019-03-16",1395,2,8,12
"2019-03-17",1399,6,8,14
"2019-03-18",1404,7,13,15
"2019-03-19",1403,2,9,15
"2019-03-20",1396,1,3,10
"2019-03-21",1370,0,1,3
"2019-03-22",1358,1,1,2
"2019-03-23",1358,2,3,3
"2019-03-24",1328,0,2,3
"2019-03-25",1333,6,6,8
"2019-03-26",1357,24,30,30
"2019-03-27",1365,8,32,38
"2019-03-28",1370,6,14,38
"2019-03-29",1373,6,12,20
"2019-03-30",1371,7,13,19
"2019-03-31",1372,11,18,24
"2019-04-01",1382,11,22,29
"2019-04-02",1388,9,20,31
"2019-04-03",1403,15,24,35
"2019-04-04",1415,12,27,36
"2019-04-05",1427,18,30,45
"2019-04-06",1452,25,43,55
"2019-04-07",1482,30,55,73
"2019-04-08",1484,3,33,58
"2019-04-09",1487,6,9,39
"2019-04-10",1483,7,13,16
"2019-04-11",1493,11,18,24
"2019-04-12",1501,8,19,26
"2019-04-13",1507,13,21,32
"2019-04-14",1532,25,38,46
"2019-04-15",1539,7,32,45
"2019-04-16",1538,1,8,33
"2019-04-17",1550,12,13,20
"2019-04-18",1560,11,23,24
"2019-04-19",1586,29,40,52
"2019-04-20",1597,14,43,54
"2019-04-21",1590,8,22,51
"2019-04-22",1602,14,22,36
"2019-04-23",1611,9,23,31
"2019-04-24",1605,9,18,32
"2019-04-25",1602,10,19,28
"2019-04-26",1595,8,18,27
"2019-04-27",1586,4,12,22
"2019-04-28",1583,11,15,23
"2019-04-29",1582,10,21,25
"2019-04-30",1579,10,20,31
