date,daily_avg,daily_max,avg_dir
2015-08-01,0.0696214535562,0.0720663650075,0.475555555556
2015-08-02,0.0631558492033,0.0825339366516,0.482291666667
2015-08-03,0.0935911387485,0.102654600302,0.48125
2015-08-04,0.0757986785853,0.0913423831071,0.516087962963
2015-08-05,0.0619626894675,0.11479638009,0.380439814815
2015-08-06,0.0204080839487,0.0469230769231,0.412615740741
2015-08-07,0.0407034589973,0.0536349924585,0.514236111111
2015-08-08,0.0597046249514,0.0980392156863,0.481712962963
2015-08-09,0.110975514963,0.14161387632,0.635648148148
2015-08-10,0.0545200155461,0.0741628959276,0.574189814815
2015-08-11,0.0408122813836,0.0641025641026,0.556944444444
2015-08-12,0.0450174893121,0.0838009049774,0.551273148148
2015-08-13,0.0600310921104,0.0812820512821,0.547106481481
2015-08-14,0.0342285270113,0.0842081447964,0.553356481481
2015-08-15,0.0280684026428,0.0536349924585,0.393634259259
2015-08-16,0.0201826661485,0.0419004524887,0.47349537037
2015-08-17,0.0439370384765,0.0682956259427,0.545717592593
2015-08-18,0.0441585697629,0.0678733031674,0.537615740741
2015-08-19,0.0561406917995,0.0925942684766,0.548148148148
2015-08-20,0.0946871356393,0.0963650075415,0.534375
2015-08-21,0.0563544500583,0.105580693816,0.409259259259
2015-08-22,0.0548542557326,0.0758371040724,0.53125
2015-08-23,0.0474038087835,0.0980392156863,0.586458333333
2015-08-24,0.0844267392149,0.12358974359,0.549074074074
2015-08-25,0.0880994947532,0.109351432881,0.498842592593
2015-08-26,0.0303381267003,0.0703921568627,0.562731481481
2015-08-27,0.0483676642052,0.0682956259427,0.570486111111
2015-08-28,0.140454722114,0.140769230769,0.412037037037
2015-08-29,0.201022153129,0.198174962293,0.743055555556
2015-08-30,0.159879518072,0.152926093514,0.641087962963
2015-08-31,0.200586863583,0.143288084465,0.2625
2015-09-01,0.202421298096,0.174298642534,0.534027777778
2015-09-02,0.103427905169,0.105580693816,0.371527777778
2015-09-03,0.021053245239,0.0561387631976,0.58275462963
2015-09-04,0.0513913719394,0.0741628959276,0.64537037037
2015-09-05,0.068122813836,0.0863046757164,0.538888888889
2015-09-06,0.0282899339293,0.0641025641026,0.518634259259
2015-09-07,0.0266614846483,0.0574057315234,0.283449074074
2015-09-08,0.0618694131364,0.0800301659125,0.309375
2015-09-09,0.0413486202876,0.071221719457,0.403935185185
2015-09-10,0.0272133696075,0.0494419306184,0.576273148148
2015-09-11,0.0284959191605,0.0398039215686,0.637731481481
2015-09-12,0.0647687524291,0.0833785822021,0.497453703704
2015-09-13,0.0912359113875,0.113544494721,0.568171296296
2015-09-14,0.0418849591916,0.0569834087481,0.589467592593
2015-09-15,0.0355188495919,0.0641025641026,0.6
2015-09-16,0.0395141857754,0.0800301659125,0.594907407407
2015-09-17,0.0325961912165,0.0473453996983,0.446990740741
2015-09-18,0.0625145744267,0.0913423831071,0.337847222222
2015-09-19,0.117889623008,0.121915535445,0.142361111111
2015-09-20,0.197679751263,0.179321266968,0.257175925926
2015-09-21,0.0392965410027,0.0569834087481,0.560648148148
2015-09-22,0.0314069179946,0.0557164404223,0.634490740741
2015-09-23,0.067260007773,0.087149321267,0.608217592593
2015-09-24,0.138620287602,0.164238310709,0.769675925926
2015-09-25,0.0333579479207,0.0515384615385,0.532291666667
2015-09-26,0.0250485814225,0.0574057315234,0.606134259259
2015-09-27,0.0301165954139,0.0473453996983,0.609490740741
2015-09-28,0.0310959968908,0.0460935143288,0.622569444444
2015-09-29,0.0284026428294,0.0473453996983,0.386689814815
2015-09-30,0.0183598911776,0.0381297134238,0.407638888889
2015-10-01,0.0296890788962,0.0460935143288,0.439467592593
2015-10-02,0.0738437621454,0.0984615384615,0.437152777778
2015-10-03,0.0947881849981,0.127360482655,0.465162037037
2015-10-04,0.0365993004275,0.0515384615385,0.393981481481
2015-10-05,0.0236416634279,0.034358974359,0.432291666667
2015-10-06,0.0909016712009,0.101387631976,0.428009259259
2015-10-07,0.00885736494365,0.0389592760181,0.512962962963
2015-10-08,0.0510649047804,0.0884012066365,0.435648148148
2015-10-09,0.215157403809,0.170935143288,0.45474537037
2015-10-10,0.282852701127,0.215354449472,0.495601851852
2015-10-11,0.0688767975126,0.102232277526,0.505092592593
2015-10-12,0.0425417800233,0.0875716440422,0.430555555556
2015-10-13,0.0238631947143,0.044826546003,0.361226851852
2015-10-14,0.0389778468714,0.0494419306184,0.370833333333
2015-10-15,0.0362806062962,0.0599095022624,0.317708333333
2015-10-16,0.0312087057909,0.0615837104072,0.449537037037
2015-10-17,0.00820443062573,0.0419004524887,0.376388888889
2015-10-18,0.0102526233968,0.0360331825038,0.496412037037
2015-10-19,0.0336849220163,0.0477677224736,0.407004830918
2015-10-20,0.0292576758647,0.042730015083,0.333796296296
2015-10-21,0.0362767197824,0.0666214177979,0.499884259259
2015-10-22,0.021053245239,0.0473453996983,0.376967592593
2015-10-23,0.0242945977458,0.0398039215686,0.41875
2015-10-24,0.0676952973183,0.0821116138763,0.127199074074
2015-10-25,0.106214535562,0.0997134238311,0.22650462963
2015-10-26,0.0332530120482,0.0540422322775,0.384490740741
2015-10-27,0.0576525456665,0.0645248868778,0.264814814815
2015-10-28,0.0396307811893,0.0716440422323,0.376041666667
2015-10-29,0.101807228916,0.1202413273,0.527546296296
2015-10-30,0.055709288768,0.1202413273,0.419097222222
2015-10-31,0.133008161679,0.162986425339,0.457291666667
2015-11-01,0.0676952973183,0.142036199095,0.504282407407
2015-11-02,0.00626506024096,0.0360331825038,0.335532407407
2015-11-03,0.0105790905558,0.0297435897436,0.364930555556
2015-11-04,0.012739992227,0.0314177978884,0.394907407407
2015-11-05,0.0214885347843,0.0439969834087,0.507638888889
2015-11-06,0.0167392149242,0.0670286576169,0.371875
2015-11-07,0.0418888457054,0.13742081448,0.456134259259
2015-11-08,0.0109055577147,0.0414781297134,0.368171296296
2015-11-09,0.0300755335508,0.0707993966817,0.277415458937
2015-11-10,0.0848009044978,0.13742081448,0.455681818182
2015-11-11,0.0672479949122,0.136591251885,0.546717171717
2015-11-12,0.110987174504,0.1307239819,0.479398148148
2015-11-13,0.158262728333,0.161719457014,0.556481481481
2015-11-14,0.0320637388263,0.0653544494721,0.4875
2015-11-15,0.0161951029926,0.0481749622926,0.540972222222
2015-11-16,0.0696346677031,0.110196078431,0.40162037037
2015-11-17,0.168862603288,0.208642533937,0.542270531401
2015-11-18,0.0286047415468,0.0599095022624,0.364583333333
2015-11-19,0.0247298872911,0.0347812971342,0.353587962963
2015-11-20,0.0176020209872,0.0284917043741,0.365277777778
2015-11-21,0.0299067236689,0.0351885369532,0.390277777778
2015-11-22,0.0214885347843,0.0460935143288,0.345601851852
2015-11-23,0.00831325301205,0.0356108597285,0.423958333333
2015-11-24,0.129444228527,0.214509803922,0.445717592593
2015-11-25,0.0391916051302,0.089245852187,0.4125
2015-11-26,0.0343621892901,0.060754147813,0.324637681159
2015-11-27,0.0275359502526,0.0293212669683,0.373842592593
2015-11-28,0.0190011659541,0.0222021116139,0.401157407407
2015-11-29,0.0158764088613,0.0268174962293,0.371064814815
2015-11-30,0.0492304702682,0.097616892911,0.378356481481
2015-12-01,0.0902526233968,0.133650075415,0.428009259259
2015-12-02,0.108068402643,0.155022624434,0.405555555556
2015-12-03,0.144014768752,0.230437405732,0.463078703704
2015-12-04,0.0,0.0,0.459375
2015-12-05,0.0,0.0,0.43125
2015-12-06,0.0,0.0,0.502430555556
2015-12-07,0.00842207539837,0.0641025641026,0.522337962963
2015-12-08,0.152759424796,0.193152337858,0.506018518519
2015-12-09,0.15631558492,0.144132730015,0.443287037037
2015-12-10,0.149300427517,0.159622926094,0.313310185185
2015-12-11,0.0322813835989,0.0959426847662,0.381597222222
2015-12-12,0.125223474543,0.173453996983,0.394560185185
2015-12-13,0.0253711620676,0.13197586727,0.691203703704
2015-12-14,0.0143606684804,0.0284917043741,0.328009259259
2015-12-15,0.0158686358337,0.0485972850679,0.377662037037
2015-12-16,0.0459891177614,0.0808597285068,0.29525462963
2015-12-17,0.0393043140303,0.0775113122172,0.44224537037
2015-12-18,0.0931675087447,0.102232277526,0.468402777778
2015-12-19,0.0885231247571,0.10850678733,0.451388888889
2015-12-20,0.152215312864,0.126953242836,0.465740740741
2015-12-21,0.0581966575981,0.0829562594268,0.31412037037
2015-12-22,0.0192188107268,0.0586576168929,0.305787037037
2015-12-23,0.0232141469102,0.0808597285068,0.334259259259
2015-12-24,0.00464049747377,0.0494419306184,0.33599537037
2015-12-25,0.012161798559,0.0318401206637,0.213675213675
2015-12-27,0.0181348824841,0.060754147813,0.377339181287
2015-12-28,0.0101515740381,0.0234690799397,0.343055555556
2015-12-29,0.0310998834046,0.042730015083,0.332523148148
2015-12-30,0.0347648659153,0.0318401206637,0.294907407407
2015-12-31,0.0271006607073,0.0347812971342,0.277893518519
2016-01-01,0.0292576758647,0.0255505279035,0.267708333333
2016-01-02,0.0309910610183,0.0284917043741,0.317708333333
2016-01-03,0.0792460163234,0.0951131221719,0.150462962963
2016-01-04,0.0639098328799,0.0825339366516,0.245486111111
2016-01-05,0.019214924213,0.0435746606335,0.345138888889
2016-01-06,0.0566809172173,0.0946907993967,0.204398148148
2016-01-07,0.0174931986009,0.0293212669683,0.341435185185
2016-01-08,0.0269957248348,0.0490196078431,0.35787037037
2016-01-09,0.0165254566654,0.0360331825038,0.344791666667
2016-01-10,0.0185736494365,0.0460935143288,0.275347222222
2016-01-11,0.0289312087058,0.0519457013575,0.425347222222
2016-01-12,0.0387640886125,0.0879788838612,0.554976851852
2016-01-13,0.00875242907112,0.0469230769231,0.533333333333
2016-01-14,0.0293664982511,0.0330920060332,0.365046296296
2016-01-15,0.0288379323747,0.044826546003,0.334953703704
2016-01-16,0.0552739992227,0.123182503771,0.426041666667
2016-01-17,0.130843373494,0.11479638009,0.422685185185
2016-01-18,0.101690633502,0.136998491704,0.467013888889
2016-01-19,0.0425378935095,0.0783408748115,0.445486111111
2016-01-20,0.0491255343956,0.0888235294118,0.323842592593
2016-01-21,0.0363816556549,0.0858823529412,0.476967592593
2016-01-22,0.0462028760202,0.089245852187,0.419212962963
2016-01-23,0.0321725612126,0.0519457013575,0.313541666667
2016-01-24,0.0305479984454,0.0414781297134,0.349652777778
2016-01-25,0.0220326467159,0.0456711915535,0.385763888889
2016-01-26,0.0625145744267,0.105580693816,0.447569444444
2016-01-27,0.155685969685,0.152081447964,0.438194444444
2016-01-28,0.0887329965021,0.151674208145,0.534606481481
2016-01-29,0.0486941313642,0.124856711916,0.41087962963
2016-01-30,0.0670384764866,0.104736048265,0.47025462963
2016-01-31,0.000971628449281,0.0272398190045,0.458912037037
2016-02-01,0.0155499417023,0.0385520361991,0.444675925926
2016-02-02,0.030229304314,0.0645248868778,0.313194444444
2016-02-03,0.0401632335795,0.0728959276018,0.559837962963
2016-02-04,0.0551612903226,0.0913423831071,0.534953703704
2016-02-05,0.225631558492,0.207812971342,0.490393518519
2016-02-06,0.0517178390983,0.089245852187,0.466435185185
2016-02-07,0.0285036921881,0.0590799396682,0.394328703704
2016-02-08,0.0524679362612,0.0737405731523,0.419444444444
2016-02-09,0.0642324135251,0.0850527903469,0.350115740741
2016-02-10,0.100178779635,0.13826546003,0.503125
2016-02-11,0.067796346677,0.116892911011,0.207060185185
2016-02-12,0.129766809172,0.116470588235,0.401851851852
2016-02-13,0.0821531286436,0.103484162896,0.411111111111
2016-02-14,0.0671434123591,0.095520361991,0.471527777778
2016-02-15,0.0285036921881,0.097616892911,0.467708333333
2016-02-16,0.139696851924,0.101387631976,0.443171296296
2016-02-17,0.0207345511077,0.0590799396682,0.407986111111
2016-02-18,0.0403808783521,0.071221719457,0.431481481481
2016-02-19,0.116925767586,0.133650075415,0.455787037037
2016-02-20,0.100505246794,0.0800301659125,0.453009259259
2016-02-21,0.0766537116207,0.103906485671,0.384953703704
2016-02-22,0.0322736105713,0.0641025641026,0.293171296296
2016-02-23,0.0525767586475,0.0615837104072,0.18275462963
2016-02-24,0.0479284881461,0.0603318250377,0.423032407407
2016-02-25,0.0388651379712,0.0389592760181,0.393402777778
2016-02-26,0.0692110376992,0.0812820512821,0.453703703704
2016-02-27,0.0456626506024,0.0703921568627,0.521990740741
2016-02-28,0.137640886125,0.194826546003,0.490162037037
2016-02-29,0.0418927322192,0.0603318250377,0.458796296296
2016-03-01,0.0761018266615,0.139095022624,0.481365740741
2016-03-02,0.0590516906335,0.156696832579,0.426967592593
2016-03-03,0.112926544889,0.139095022624,0.494097222222
2016-03-04,0.210325960222,0.178476621418,0.407246376812
2016-03-05,0.207388262728,0.14371040724,0.393518518519
2016-03-06,0.112172561213,0.176802413273,0.435763888889
2016-03-07,0.0241857753595,0.0653544494721,0.457060185185
2016-03-08,0.0560996299363,0.0615837104072,0.457608695652
2016-03-09,0.128359891178,0.180150829563,0.23587962963
2016-03-10,0.241286436067,0.232111613876,0.484953703704
2016-03-11,0.076972405752,0.102232277526,0.330208333333
2016-03-12,0.130415856976,0.128205128205,0.482060185185
2016-03-13,0.154222274793,0.150829562594,0.249396135266
2016-03-14,0.0764321803342,0.0838009049774,0.507291666667
2016-03-15,0.0565720948309,0.0699698340875,0.504166666667
2016-03-16,0.0301243684415,0.0544645550528,0.411689814815
2016-03-17,0.106016323358,0.113544494721,0.299421296296
2016-03-18,0.128258841819,0.106832579186,0.180092592593
2016-03-19,0.0552856587641,0.0846304675716,0.414930555556
2016-03-20,0.061418577536,0.0971945701357,0.404166666667
2016-03-21,0.0287213369607,0.0779336349925,0.491435185185
2016-03-22,0.0322813835989,0.0657767722474,0.457175925926
2016-03-23,0.0457753595025,0.0783408748115,0.544328703704
2016-03-24,0.0512786630393,0.0754147812971,0.584953703704
2016-03-25,0.0292615623785,0.0574057315234,0.429398148148
2016-03-26,0.0406917994559,0.0821116138763,0.384027777778
2016-03-27,0.0359541391372,0.0657767722474,0.585069444444
2016-03-28,0.0522541780023,0.0674509803922,0.522337962963
2016-03-29,0.0613253012048,0.0599095022624,0.471296296296
2016-03-30,0.0779440342013,0.0674509803922,0.444675925926
2016-03-31,0.0506373882627,0.0540422322775,0.481365740741
2016-04-01,0.0411348620288,0.0519457013575,0.436574074074
2016-04-02,0.0539759036145,0.0661990950226,0.493171296296
2016-04-03,0.080862806063,0.107677224736,0.41087962963
2016-04-04,0.0858219976681,0.121508295626,0.535532407407
2016-04-05,0.108499805674,0.104736048265,0.574074074074
2016-04-06,0.0390866692577,0.0846304675716,0.42337962963
2016-04-07,0.0464321803342,0.0674509803922,0.413310185185
2016-04-08,0.0985697629227,0.105158371041,0.463888888889
2016-04-09,0.0387563155849,0.108099547511,0.455324074074
2016-04-10,0.0378973960358,0.0611764705882,0.474189814815
2016-04-11,0.0579790128255,0.0707993966817,0.425231481481
2016-04-12,0.1837465993,0.139095022624,0.447222222222
2016-04-13,0.104403420132,0.111447963801,0.308796296296
2016-04-14,0.0422114263506,0.0548868778281,0.410300925926
2016-04-15,0.0684453944812,0.0904977375566,0.506828703704
2016-04-16,0.0334706568208,0.0653544494721,0.422453703704
2016-04-17,0.073198600855,0.0641025641026,0.283449074074
2016-04-18,0.0993159735717,0.101387631976,0.436458333333
2016-04-19,0.0414457831325,0.0553092006033,0.410763888889
2016-04-20,0.0444850369219,0.0678733031674,0.377430555556
2016-04-21,0.0417877963467,0.0716440422323,0.362731481481
2016-04-22,0.0446987951807,0.0825339366516,0.389930555556
2016-04-23,0.0660668480373,0.0783408748115,0.494444444444
2016-04-24,0.0411270890012,0.0666214177979,0.664814814815
2016-04-25,0.0348736883016,0.0775113122172,0.49537037037
2016-04-26,0.0318460940536,0.0645248868778,0.488888888889
2016-04-27,0.0254799844539,0.0716440422323,0.479513888889
2016-04-28,0.0328216090167,0.0582352941176,0.481712962963
2016-04-29,0.052471822775,0.079185520362,0.523958333333
2016-04-30,0.0549436455499,0.0670286576169,0.447106481481
2016-05-01,0.0526894675476,0.0707993966817,0.310300925926
2016-05-02,0.0958686358337,0.0875716440422,0.377199074074
2016-05-03,0.078390983288,0.121508295626,0.447685185185
2016-05-04,0.0616439953362,0.0858823529412,0.584606481481
2016-05-05,0.0770851146522,0.0997134238311,0.297453703704
2016-05-06,0.0521414691022,0.0649472096531,0.367013888889
2016-05-07,0.0824795958026,0.11060331825,0.447800925926
2016-05-08,0.067260007773,0.108099547511,0.411689814815
2016-05-09,0.106012436844,0.0951131221719,0.559606481481
2016-05-10,0.0610959968908,0.0833785822021,0.500694444444
2016-05-11,0.0688379323747,0.0749924585219,0.435869565217
2016-05-12,0.0785969685192,0.102232277526,0.333912037037
2016-05-13,0.0950136027983,0.0833785822021,0.195601851852
2016-05-14,0.066723668869,0.089653092006,0.276273148148
2016-05-15,0.021379712398,0.0444042232278,0.433912037037
2016-05-16,0.0287096774194,0.0565610859729,0.506712962963
2016-05-17,0.0456665371162,0.0624283559578,0.545023148148
2016-05-18,0.0555888068403,0.0858823529412,0.429398148148
2016-05-19,0.0204041974349,0.0465007541478,0.528819444444
2016-05-20,0.0572172561213,0.100558069382,0.237037037037
2016-05-21,0.0565682083171,0.0879788838612,0.498726851852
2016-05-22,0.0386513797124,0.0611764705882,0.505671296296
2016-05-23,0.0249475320637,0.0452488687783,0.557523148148
2016-05-24,0.0205130198212,0.0485972850679,0.535648148148
2016-05-25,0.0579790128255,0.0938461538462,0.49375
2016-05-26,0.0477186164011,0.101809954751,0.495023148148
2016-05-27,0.0479323746599,0.0808597285068,0.61412037037
2016-05-28,0.0123124757093,0.062850678733,0.53125
2016-05-29,0.0475048581422,0.0817043740573,0.504861111111
2016-05-30,0.0503225806452,0.0900754147813,0.527893518519
2016-05-31,0.0408122813836,0.0909200603318,0.462615740741
2016-06-01,0.0988962300816,0.118989441931,0.475462962963
2016-06-02,0.18061406918,0.153755656109,0.501041666667
2016-06-03,0.0479284881461,0.0666214177979,0.496527777778
2016-06-04,0.0277458219977,0.0724886877828,0.490509259259
2016-06-05,0.041896618733,0.0812820512821,0.559606481481
2016-06-06,0.0745005829771,0.100558069382,0.493634259259
2016-06-07,0.0644578313253,0.107677224736,0.41712962963
2016-06-08,0.105258453168,0.106832579186,0.459143518519
2016-06-09,0.0615351729499,0.071221719457,0.360300925926
2016-06-10,0.0382122036533,0.0599095022624,0.446759259259
2016-06-11,0.0604586086281,0.0724886877828,0.571296296296
2016-06-12,0.0493431791683,0.0594871794872,0.535763888889
2016-06-13,0.0696346677031,0.0934238310709,0.430555555556
2016-06-14,0.043832102604,0.0787631975867,0.521759259259
2016-06-15,0.0291488534784,0.0481749622926,0.436921296296
2016-06-16,0.0457831325301,0.0946907993967,0.515856481481
2016-06-17,0.032930431403,0.0574057315234,0.468402777778
2016-06-18,0.0231092110377,0.0561387631976,0.501736111111
2016-06-19,0.01597745822,0.0377073906486,0.534259259259
2016-06-20,0.0486902448504,0.0921719457014,0.563078703704
2016-06-21,0.0736222308589,0.0963650075415,0.561342592593
2016-06-22,0.0331403031481,0.0574057315234,0.422222222222
2016-06-23,0.0780489700738,0.13407239819,0.425115740741
2016-06-24,0.0360590750097,0.0523680241327,0.571643518519
2016-06-25,0.0444850369219,0.0737405731523,0.497569444444
2016-06-26,0.0463155849203,0.0775113122172,0.527777777778
2016-06-27,0.0657481539059,0.0808597285068,0.386574074074
2016-06-28,0.0434123591139,0.079185520362,0.510532407407
2016-06-29,0.0576447726389,0.079185520362,0.523611111111
2016-06-30,0.0440536338904,0.0779336349925,0.524768518519
2016-07-01,0.0290400310921,0.0460935143288,0.453356481481
2016-07-02,0.0761057131753,0.118567119155,0.500578703704
2016-07-03,0.0846327244462,0.0863046757164,0.578472222222
2016-07-04,0.0863661095997,0.0833785822021,0.552430555556
2016-07-05,0.0301204819277,0.0553092006033,0.606481481481
2016-07-06,0.0256937427128,0.0473453996983,0.528703703704
2016-07-07,0.0391877186164,0.095520361991,0.462615740741
2016-07-08,0.115612125923,0.11814479638,0.46400462963
2016-07-09,0.0540924990284,0.0863046757164,0.323958333333
2016-07-10,0.0445821997668,0.0850527903469,0.497222222222
2016-07-11,0.0319588029538,0.0561387631976,0.590277777778
2016-07-12,0.0271045472211,0.0419004524887,0.494444444444
2016-07-13,0.0173843762145,0.0410558069382,0.503240740741
2016-07-14,0.0449551361125,0.0913423831071,0.482367149758
2016-07-15,0.0604586086281,0.0578129713424,0.460185185185
2016-07-16,0.0446949086669,0.0532126696833,0.494097222222
2016-07-17,0.0553867081228,0.116470588235,0.475810185185
2016-07-18,0.0335717061796,0.103061840121,0.479861111111
2016-07-19,0.0251612903226,0.0502714932127,0.511689814815
2016-07-20,0.0155460551885,0.0431523378582,0.451273148148
2016-07-21,0.0517100660707,0.0804374057315,0.509143518519
2016-07-22,0.0742790516906,0.0967873303167,0.518981481481
2016-07-23,0.0414535561601,0.0653544494721,0.657523148148
2016-07-24,0.0504197434901,0.0615837104072,0.47962962963
2016-07-25,0.0577574815391,0.0766666666667,0.501041666667
2016-07-26,0.0572211426351,0.0745701357466,0.545023148148
2016-07-27,0.0520365332297,0.0766666666667,0.519675925926
2016-07-28,0.058083948698,0.0775113122172,0.480555555556
2016-07-29,0.0761134862029,0.0942684766214,0.493634259259
2016-07-30,0.0744928099495,0.0754147812971,0.568055555556
2016-07-31,0.0635989117761,0.0707993966817,0.514467592593
2016-08-01,0.0467547609794,0.0511161387632,0.438194444444
2016-08-02,0.0219199378158,0.071221719457,0.512615740741
2016-08-03,0.0272055965799,0.036862745098,0.558101851852
2016-08-04,0.0446910221531,0.0728959276018,0.505208333333
2016-08-05,0.0768674698795,0.0879788838612,0.391087962963
2016-08-06,0.058946754761,0.0594871794872,0.521412037037
2016-08-07,0.0267780800622,0.0381297134238,0.473726851852
2016-08-08,0.0160901671201,0.0356108597285,0.496875
2016-08-09,0.0158764088613,0.0347812971342,0.664467592593
2016-08-10,0.0206140691799,0.0419004524887,0.590972222222
2016-08-11,0.0508112675104,0.0724886877828,0.447463768116
2016-08-12,0.0604624951419,0.0879788838612,0.472800925926
2016-08-13,0.0551651768364,0.087149321267,0.465509259259
2016-08-14,0.0563544500583,0.0829562594268,0.429166666667
2016-08-15,0.0485891954916,0.0800301659125,0.490162037037
2016-08-16,0.0532296929654,0.0707993966817,0.483101851852
2016-08-17,0.0505246793626,0.0703921568627,0.51400462963
2016-08-18,0.0877808006218,0.0930165912519,0.331481481481
2016-08-19,0.0795763699961,0.0833785822021,0.396180555556
2016-08-20,0.0511776136805,0.0716440422323,0.484606481481
2016-08-21,0.117998445394,0.11060331825,0.521990740741
2016-08-22,0.0309871745045,0.0682956259427,0.478819444444
2016-08-23,0.0480334240187,0.0695475113122,0.542592592593
2016-08-24,0.057874076953,0.0645248868778,0.480439814815
2016-08-25,0.0561445783133,0.0959426847662,0.473726851852
2016-08-26,0.0822619510299,0.0888235294118,0.46400462963
2016-08-27,0.137975126312,0.128205128205,0.527777777778
2016-08-28,0.0299067236689,0.0594871794872,0.464236111111
2016-08-29,0.0618616401088,0.0888235294118,0.442708333333
2016-08-30,0.0960746210649,0.0875716440422,0.509837962963
2016-08-31,0.075899727944,0.113544494721,0.495949074074
2016-09-01,0.0620676253401,0.0934238310709,0.495717592593
2016-09-02,0.0323902059852,0.0511161387632,0.532407407407
2016-09-03,0.0316206762534,0.0574057315234,0.479166666667
2016-09-04,0.0364904780412,0.0687179487179,0.417939814815
2016-09-05,0.0515001943257,0.060754147813,0.482060185185
2016-09-06,0.00130586863583,0.0272398190045,0.649305555556
2016-11-03,0.202787653159,0.209487179487,0.373684210526
2016-11-04,0.19508744656,0.227496229261,0.363425925926
2016-11-05,0.180291488535,0.169683257919,0.426736111111
2016-11-06,0.0527944034201,0.104736048265,0.415509259259
2016-11-07,0.136136805286,0.157119155354,0.477314814815
2016-11-08,0.272491255344,0.223725490196,0.425231481481
2016-11-09,0.0974893120871,0.159215686275,0.431134259259
2016-11-10,0.131278663039,0.13616892911,0.419097222222
2016-11-11,0.1404508356,0.13742081448,0.390625
2016-11-12,0.130730664594,0.163393665158,0.438888888889
2016-11-13,0.0777263894287,0.125279034691,0.490740740741
2016-11-14,0.0373532841042,0.0682956259427,0.408564814815
2016-11-15,0.0218150019433,0.0599095022624,0.336458333333
2016-11-16,0.0126311698407,0.0435746606335,0.358101851852
2016-11-17,0.028390983288,0.0502714932127,0.362731481481
2016-11-18,0.0669335406141,0.0875716440422,0.168634259259
2016-11-19,0.0483598911776,0.0904977375566,0.478240740741
2016-11-20,0.045343956471,0.109351432881,0.516898148148
2016-11-21,0.0576525456665,0.0904977375566,0.479513888889
2016-11-22,0.146828604742,0.13197586727,0.4875
2016-11-23,0.273960357559,0.600301659125,0.50462962963
2016-11-24,0.565876408861,0.793363499246,0.413078703704
2016-11-25,0.0800621842208,0.16742081448,0.349652777778
2016-11-26,0.0501360279829,0.307692307692,0.491203703704
2016-11-27,0.0602409638554,0.269984917044,0.369328703704
2016-11-28,0.0314807617567,0.141779788839,0.335416666667
2016-11-29,0.122813835989,0.377073906486,0.341666666667
2016-11-30,0.106879129421,0.380090497738,0.359027777778
2016-12-01,0.0186552662262,0.138763197587,0.347222222222
2016-12-02,0.189797056388,0.393665158371,0.593115942029
2016-12-03,0.353672755538,0.377073906486,0.485648148148
2016-12-04,0.0699572483482,0.187028657617,0.421296296296
2016-12-05,0.183832102604,0.286576168929,0.106944444444
2016-12-06,0.342013214147,0.334841628959,0.0878472222222
2016-12-07,0.159347065682,0.26395173454,0.187962962963
2016-12-08,0.667314418966,0.567119155354,0.0730324074074
2016-12-09,0.21570151574,0.313725490196,0.239351851852
2016-12-10,0.000388651379712,0.105580693816,0.397453703704
2016-12-11,0.0318694131364,0.180995475113,0.333333333333
2016-12-12,0.206373882627,0.30467571644,0.198032407407
2016-12-13,0.0924990283716,0.113122171946,0.319097222222
2016-12-14,0.205985231248,0.268476621418,0.133912037037
2016-12-15,0.193159735717,0.250377073906,0.196875
2016-12-16,0.279440342013,0.365007541478,0.355555555556
2016-12-17,0.0474154683249,0.134238310709,0.398263888889
2016-12-18,0.332296929654,0.579185520362,0.475578703704
2016-12-19,0.360668480373,0.499245852187,0.444328703704
2016-12-20,0.448503692188,0.666666666667,0.55462962963
2016-12-21,0.346677030703,0.455505279035,0.465740740741
2016-12-22,0.39137193937,0.484162895928,0.418287037037
2016-12-23,0.0804508356005,0.292609351433,0.378703703704
2016-12-24,0.10843373494,0.173453996983,0.355671296296
2016-12-25,0.0777302759425,0.194570135747,0.285300925926
2016-12-26,0.145355616012,0.333333333333,0.527546296296
2016-12-27,0.343567819666,0.322775263952,0.502662037037
2016-12-28,0.271278663039,0.289592760181,0.480671296296
2016-12-29,0.267392149242,0.401206636501,0.513425925926
2016-12-30,0.0633501748931,0.119155354449,0.304398148148
2016-12-31,0.106490478041,0.230769230769,0.369328703704
2017-01-01,0.961523513408,0.699849170437,0.453587962963
2017-01-02,0.683637776914,0.63197586727,0.0376157407407
2017-01-03,0.688301593471,0.734539969834,0.0862268518519
2017-01-04,0.343179168286,0.553544494721,0.143055555556
2017-01-05,0.0811098531574,0.116138763198,0.402657004831
2017-01-06,0.177613680529,0.291101055807,0.494444444444
2017-01-07,0.218591054259,0.306184012066,0.185507246377
2017-01-08,0.281383598912,0.473604826546,0.303703703704
2017-01-09,0.187718616401,0.37556561086,0.492013888889
2017-01-10,0.429459774582,0.482654600302,0.34212962963
2017-01-11,0.29731830548,0.410256410256,0.344907407407
2017-01-12,0.0843373493976,0.134238310709,0.318981481481
2017-01-13,0.0765643218033,0.117647058824,0.254398148148
2017-01-14,0.103381267003,0.116138763198,0.322800925926
2017-01-15,0.112708900117,0.177978883861,0.38912037037
2017-01-16,0.361834434512,0.446455505279,0.4375
2017-01-17,0.272833268558,0.533936651584,0.540277777778
2017-01-18,0.342013214147,0.542986425339,0.415277777778
2017-01-19,0.0928876797513,0.358974358974,0.55625
2017-01-20,0.313641663428,0.336349924585,0.22662037037
2017-01-21,0.269335406141,0.449472096531,0.368402777778
2017-01-22,0.356004663817,0.446455505279,0.301851851852
2017-01-23,0.0753983676642,0.119155354449,0.296527777778
2017-01-24,0.0967741935484,0.137254901961,0.307175925926
2017-01-25,0.0376991838321,0.105580693816,0.435648148148
2017-01-26,0.0532452390206,0.134238310709,0.390740740741
2017-01-27,0.162844928099,0.202111613876,0.359606481481
2017-01-28,0.531675087447,0.450980392157,0.42037037037
2017-01-29,0.623396813059,0.500754147813,0.501851851852
2017-01-30,0.160901671201,0.313725490196,0.306597222222
2017-01-31,0.572483482316,0.497737556561,0.10162037037
2017-02-01,0.515351729499,0.438914027149,0.163425925926
2017-02-02,0.409638554217,0.437405731523,0.168981481481
2017-02-03,0.136805285659,0.31221719457,0.306365740741
2017-02-04,0.280994947532,0.318250377074,0.310300925926
2017-02-05,0.252234745433,0.389140271493,0.25787037037
2017-02-06,0.260785075787,0.42383107089,0.302314814815
2017-02-07,0.126700349786,0.197586726998,0.292361111111
2017-02-08,0.247182277497,0.26395173454,0.197569444444
2017-02-09,0.0520792848815,0.542986425339,0.506828703704
2017-02-10,0.180722891566,0.405731523379,0.518634259259
2017-02-11,0.209483093665,0.232277526395,0.467939814815
2017-02-12,0.170229304314,0.294117647059,0.382523148148
2017-02-13,0.221531286436,0.321266968326,0.265972222222
2017-02-14,0.674310143801,0.668174962293,0.472800925926
2017-02-15,0.464827050136,0.642533936652,0.41875
2017-02-16,0.701904391761,0.843137254902,0.509027777778
2017-02-17,0.171006607073,0.337858220211,0.391782407407
2017-02-18,0.0998834045861,0.162895927602,0.367476851852
2017-02-19,0.317528177225,0.396681749623,0.428009259259
2017-02-20,0.197046249514,0.334841628959,0.448726851852
2017-02-21,0.157792460163,0.259426847662,0.411921296296
2017-02-22,0.100660707346,0.179487179487,0.359027777778
2017-02-23,0.137971239798,0.221719457014,0.449537037037
2017-02-24,0.0967741935484,0.188536953243,0.311689814815
2017-02-25,0.172172561213,0.238310708899,0.430555555556
2017-02-26,0.434900893898,0.530920060332,0.111342592593
2017-02-27,0.0738437621454,0.156862745098,0.38275462963
2017-02-28,0.434123591139,0.541478129713,0.458333333333
2017-03-01,0.314807617567,0.461538461538,0.549768518519
2017-03-02,0.404586086281,0.440422322775,0.490625
2017-03-03,0.600466381656,0.690799396682,0.531712962963
2017-03-04,0.221531286436,0.266968325792,0.353703703704
2017-03-05,0.176836377769,0.266968325792,0.3375
2017-03-06,0.298484259619,0.378582202112,0.504976851852
2017-03-07,0.371162067625,0.404223227753,0.521412037037
2017-03-08,0.257675864749,0.420814479638,0.511805555556
2017-03-09,0.192771084337,0.21568627451,0.293634259259
2017-03-10,0.244850369219,0.381598793363,0.46875
2017-03-11,0.183054799845,0.40874811463,0.47037037037
2017-03-12,0.313489582453,0.399698340875,0.506642512077
2017-03-13,0.188107267781,0.235294117647,0.503703703704
2017-03-14,0.582977069569,0.571644042232,0.475115740741
2017-03-15,0.20209871745,0.348416289593,0.577199074074
2017-03-16,0.520015546055,0.484162895928,0.503935185185
2017-03-17,0.278663039254,0.374057315234,0.456712962963
2017-03-18,0.423241352507,0.404223227753,0.473842592593
2017-03-19,0.275165176836,0.27149321267,0.449884259259
2017-03-20,0.578313253012,0.361990950226,0.190046296296
2017-03-21,0.184609405363,0.328808446456,0.408796296296
2017-03-22,0.412359113875,0.502262443439,0.501041666667
2017-03-23,0.41896618733,0.452488687783,0.45625
2017-03-24,0.237854644384,0.354449472097,0.549421296296
2017-03-25,0.157403808784,0.297134238311,0.558449074074
2017-03-26,0.206373882627,0.36802413273,0.502314814815
2017-03-27,0.344733773805,0.42383107089,0.445717592593
2017-03-28,0.153128643607,0.316742081448,0.536342592593
2017-03-29,0.181888845705,0.324283559578,0.608217592593
2017-03-30,0.0765643218033,0.224736048265,0.352314814815
2017-03-31,0.109211037699,0.184012066365,0.474421296296
2017-04-01,0.168674698795,0.235294117647,0.618634259259
2017-04-02,0.212203653323,0.259426847662,0.542939814815
2017-04-03,0.173338515352,0.230769230769,0.458217592593
2017-04-04,0.385153517295,0.518853695324,0.34537037037
2017-04-05,0.335017489312,0.447963800905,0.559027777778
2017-04-06,0.413136416634,0.487179487179,0.446412037037
2017-04-07,0.795958025651,0.717948717949,0.397916666667
2017-04-08,0.380489700738,0.372549019608,0.51412037037
2017-04-09,0.43218033424,0.377073906486,0.326851851852
2017-04-10,0.22969296541,0.241327300151,0.496180555556
2017-04-11,0.320248736883,0.399698340875,0.296180555556
2017-04-12,0.464827050136,0.402714932127,0.259259259259
2017-04-13,0.345899727944,0.32730015083,0.504861111111
2017-04-14,0.260785075787,0.340874811463,0.571759259259
2017-04-15,0.128254955305,0.176470588235,0.434953703704
2017-04-16,0.281772250291,0.322775263952,0.256597222222
2017-04-17,0.125145744267,0.288084464555,0.502199074074
2017-04-18,0.293043140303,0.42383107089,0.568634259259
2017-04-19,0.571706179557,0.505279034691,0.385069444444
2017-04-20,0.167897396036,0.233785822021,0.481828703704
2017-04-21,0.242129809561,0.351432880845,0.253703703704
2017-04-22,0.353672755538,0.380090497738,0.396296296296
2017-04-23,0.139914496696,0.380090497738,0.423148148148
2017-04-24,0.118150019433,0.197586726998,0.49537037037
2017-04-25,0.219976680917,0.286576168929,0.532986111111
2017-04-26,0.20209871745,0.221719457014,0.592592592593
2017-04-27,0.172949863972,0.244343891403,0.524652777778
2017-04-28,0.211815001943,0.298642533937,0.474652777778
2017-04-29,0.159735717062,0.230769230769,0.552430555556
2017-04-30,0.288379323747,0.351432880845,0.564467592593
2017-05-01,0.111931597357,0.280542986425,0.484837962963
2017-05-02,0.14885347843,0.241327300151,0.480092592593
2017-05-03,0.101826661485,0.197586726998,0.40462962963
2017-05-04,0.274387874077,0.318250377074,0.412615740741
2017-05-05,0.547609794015,0.482654600302,0.432523148148
2017-05-06,0.275942479596,0.339366515837,0.599305555556
2017-05-07,0.22930431403,0.291101055807,0.489699074074
2017-05-08,0.104158569763,0.173453996983,0.550694444444
2017-05-09,0.122425184609,0.244343891403,0.46875
2017-05-10,0.397201710066,0.363499245852,0.36099537037
2017-05-11,0.368830159347,0.425339366516,0.359837962963
2017-05-12,0.188107267781,0.248868778281,0.535185185185
2017-05-13,0.153905946366,0.220211161388,0.507291666667
2017-05-14,0.0979401476875,0.193061840121,0.615509259259
2017-05-15,0.198212203653,0.303167420814,0.511226851852
2017-05-16,0.123202487369,0.20060331825,0.515046296296
2017-05-17,0.194445274896,0.153846153846,0.417307692308
2017-05-18,0.161313184427,0.214177978884,0.613071895425
2017-05-19,0.110376991838,0.149321266968,0.437615740741
2017-05-20,0.195491643995,0.260935143288,0.50775462963
2017-05-21,0.112320248737,0.15233785822,0.486458333333
2017-05-22,0.16245627672,0.259426847662,0.496180555556
2017-05-23,0.479595802565,0.52790346908,0.488078703704
2017-05-24,0.246016323358,0.230769230769,0.549537037037
2017-05-25,0.219976680917,0.251885369532,0.375925925926
2017-05-26,0.225417800233,0.31221719457,0.479282407407
2017-05-27,0.173338515352,0.209653092006,0.434722222222
2017-05-28,0.258841818888,0.268476621418,0.512152777778
2017-05-29,0.209094442285,0.230769230769,0.360648148148
2017-05-30,0.211815001943,0.425339366516,0.309259259259
2017-05-31,0.14846482705,0.262443438914,0.432060185185
2017-06-01,0.338904003109,0.345399698341,0.44375
2017-06-02,0.40575204042,0.398190045249,0.463657407407
2017-06-03,0.399533618344,0.476621417798,0.515740740741
2017-06-04,0.155071900505,0.236802413273,0.522685185185
2017-06-05,0.163233579479,0.247360482655,0.476157407407
2017-06-06,0.357947920715,0.268476621418,0.319675925926
2017-06-07,0.306645938593,0.211161387632,0.27037037037
2017-06-08,0.507578701904,0.493212669683,0.389930555556
2017-06-09,0.223474543335,0.342383107089,0.419907407407
2017-06-10,0.112708900117,0.226244343891,0.533217592593
2017-06-11,0.0820054411193,0.259426847662,0.509837962963
2017-06-12,0.233579479207,0.336349924585,0.540740740741
2017-06-13,0.109599689079,0.197586726998,0.463194444444
2017-06-14,0.25728721337,0.244343891403,0.499884259259
2017-06-15,0.408472600078,0.43137254902,0.464351851852
2017-06-16,0.225029148853,0.378582202112,0.569212962963
2017-06-17,0.14924212981,0.227752639517,0.45150462963
2017-06-18,0.0590750097163,0.158371040724,0.307638888889
2017-06-19,0.193937038476,0.294117647059,0.413657407407
2017-06-20,0.381267003498,0.404223227753,0.549537037037
2017-06-21,0.288379323747,0.349924585219,0.541319444444
2017-06-22,0.157792460163,0.3197586727,0.468518518519
2017-06-23,0.17567042363,0.282051282051,0.50150462963
2017-06-24,0.160901671201,0.230769230769,0.438888888889
2017-06-25,0.18927322192,0.322775263952,0.446990740741
2017-06-26,0.475709288768,0.443438914027,0.511111111111
2017-06-27,0.193159735717,0.337858220211,0.542361111111
2017-06-28,0.151962689468,0.268476621418,0.47650462963
2017-06-29,0.129809560824,0.257918552036,0.492824074074
2017-06-30,0.182277497085,0.294117647059,0.483796296296
2017-07-01,0.188495919161,0.26395173454,0.541550925926
2017-07-02,0.268558103381,0.325791855204,0.508912037037
2017-07-03,0.273221919938,0.3197586727,0.465046296296
2017-07-04,0.214146910222,0.285067873303,0.487384259259
2017-07-05,0.154294597746,0.316742081448,0.463657407407
2017-07-06,0.171006607073,0.250377073906,0.434490740741
2017-07-07,0.169063350175,0.236802413273,0.485185185185
2017-07-08,0.177613680529,0.196078431373,0.479050925926
2017-07-09,0.192771084337,0.279034690799,0.536921296296
2017-07-10,0.152739992227,0.233785822021,0.45474537037
2017-07-11,0.116984065293,0.241327300151,0.446296296296
2017-07-12,0.177613680529,0.257918552036,0.506134259259
2017-07-13,0.24290711232,0.289592760181,0.418171296296
2017-07-14,0.214535561601,0.244343891403,0.419791666667
2017-07-15,0.329965021376,0.351432880845,0.452546296296
2017-07-16,0.301204819277,0.295625942685,0.507986111111
2017-07-17,0.195102992616,0.300150829563,0.469675925926
2017-07-18,0.215312864361,0.3197586727,0.513773148148
2017-07-19,0.233968130587,0.294117647059,0.558680555556
2017-07-20,0.195102992616,0.289592760181,0.487615740741
2017-07-21,0.16245627672,0.269984917044,0.525578703704
2017-07-22,0.158958414302,0.203619909502,0.466087962963
2017-07-23,0.242129809561,0.343891402715,0.539467592593
2017-07-24,0.184998056743,0.247360482655,0.535416666667
2017-07-25,0.212203653323,0.316742081448,0.484722222222
2017-07-26,0.205596579868,0.282051282051,0.495486111111
2017-07-27,0.153128643607,0.260935143288,0.440277777778
2017-07-28,0.210260396424,0.282051282051,0.498032407407
2017-07-29,0.206373882627,0.36802413273,0.569097222222
2017-07-30,0.280217644773,0.36802413273,0.469907407407
2017-07-31,0.179945588807,0.253393665158,0.471990740741
2017-08-01,0.165176836378,0.202111613876,0.554166666667
2017-08-02,0.184220753984,0.253393665158,0.471064814815
2017-08-03,0.178779634668,0.233785822021,0.475231481481
2017-08-04,0.192771084337,0.268476621418,0.52037037037
2017-08-05,0.185386708123,0.211161387632,0.409375
2017-08-06,0.144189661873,0.221719457014,0.457407407407
2017-08-07,0.112320248737,0.180995475113,0.463541666667
2017-08-08,0.110376991838,0.173453996983,0.501388888889
2017-08-09,0.113486202876,0.202111613876,0.451851851852
2017-08-10,0.0928876797513,0.180995475113,0.477199074074
2017-08-11,0.164399533618,0.253393665158,0.472569444444
2017-08-12,0.190050524679,0.374057315234,0.441493055556
2017-09-10,0.201321414691,0.203619909502,0.608333333333
2017-09-11,0.280606296152,0.325791855204,0.428240740741
2017-09-12,0.261173727167,0.316742081448,0.47974537037
2017-09-13,0.279828993393,0.363499245852,0.307175925926
2017-09-14,0.276719782355,0.313725490196,0.496296296296
2017-09-15,0.204819277108,0.248868778281,0.431134259259
2017-09-16,0.239020598523,0.297134238311,0.465046296296
2017-09-17,0.418188884571,0.449472096531,0.435185185185
2017-09-18,0.200932763311,0.30467571644,0.523032407407
2017-09-19,0.0551884959192,0.158371040724,0.327662037037
2017-09-20,0.0788962300816,0.361990950226,0.432291666667
2017-09-21,0.281383598912,0.570135746606,0.21087962963
2017-09-22,0.140691799456,0.199095022624,0.445023148148
2017-09-23,0.103769918383,0.229260935143,0.425925925926
2017-09-24,0.0816167897396,0.182503770739,0.428935185185
2017-09-25,0.0660707345511,0.143288084465,0.475231481481
2017-09-26,0.0588046435391,0.149321266968,0.46654589372
2017-09-27,0.146132918772,0.188536953243,0.424884259259
2017-09-28,0.322580645161,0.318250377074,0.39537037037
2017-09-29,0.521181500194,0.46455505279,0.468055555556
2017-09-30,0.129809560824,0.236802413273,0.469212962963
2017-10-01,0.115818111154,0.25641025641,0.503125
2017-10-02,0.467547609794,0.422322775264,0.271990740741
2017-10-03,0.146521570152,0.161387631976,0.425
2017-10-04,0.120093276331,0.173453996983,0.439351851852
2017-10-05,0.114263505635,0.15233785822,0.449421296296
2017-10-06,0.442285270113,0.56862745098,0.515277777778
2017-10-07,0.130198212204,0.194570135747,0.57662037037
2017-10-08,0.155849203265,0.20060331825,0.405439814815
2017-10-09,0.115662650602,0.205128205128,0.43875
2017-10-10,0.146327244462,0.22322775264,0.444444444444
2017-10-11,0.0443062572872,0.177978883861,0.475347222222
2017-10-12,0.0405549265787,0.150829562594,0.429951690821
2017-10-13,0.0917217256121,0.191553544495,0.512037037037
2017-10-14,0.129032258065,0.220211161388,0.561689814815
2017-10-15,0.1896618733,0.343891402715,0.387152777778
2017-10-16,0.468713563933,0.389140271493,0.473842592593
2017-10-17,0.660318694131,0.686274509804,0.527662037037
2017-10-18,0.634279051691,0.763197586727,0.501851851852
2017-10-19,0.938593082005,0.552036199095,0.499652777778
2017-10-20,0.240445653582,0.342383107089,0.540432098765
2017-10-21,0.284492809949,0.677224736048,0.459027777778
2017-10-22,0.512242518461,0.542986425339,0.525694444444
2017-10-23,0.12203653323,0.251885369532,0.411574074074
2017-10-24,0.263505635445,0.283559577677,0.418402777778
2017-10-25,0.248348231636,0.40874811463,0.427546296296
2017-10-26,0.143412359114,0.165912518854,0.342592592593
2017-10-27,0.13486202876,0.138763197587,0.350347222222
2017-10-28,0.05402254178,0.141779788839,0.308217592593
2017-10-29,0.447337738049,0.62443438914,0.148842592593
2017-10-30,0.198600855033,0.365007541478,0.358101851852
2017-10-31,0.158181111543,0.197586726998,0.432523148148
2017-11-01,0.200932763311,0.279034690799,0.526388888889
2017-11-02,0.478818499806,0.506787330317,0.302777777778
2017-11-03,0.429848425962,0.461538461538,0.248032407407
2017-11-04,0.129809560824,0.282051282051,0.372337962963
2017-11-05,0.611737271667,0.466063348416,0.0652777777778
2017-11-06,0.239020598523,0.297134238311,0.291435185185
2017-11-07,0.130198212204,0.171945701357,0.372337962963
2017-11-08,0.286047415468,0.371040723982,0.235185185185
2017-11-09,0.0862806062962,0.221719457014,0.375347222222
2017-11-10,0.0610182666148,0.177978883861,0.364236111111
2017-11-11,0.265060240964,0.351432880845,0.463194444444
2017-11-12,0.0481927710843,0.365007541478,0.473032407407
2017-11-13,0.524290711232,0.618401206637,0.387384259259
2017-11-14,0.764088612515,0.618401206637,0.432175925926
2017-11-15,0.488923435678,0.669683257919,0.457291666667
2017-11-16,0.225029148853,0.313725490196,0.403240740741
2017-11-17,0.167120093276,0.295625942685,0.537962962963
2017-11-18,0.460551884959,0.380090497738,0.486226851852
2017-11-19,0.374659930043,0.476621417798,0.424305555556
2017-11-20,0.120481927711,0.310708898944,0.425231481481
2017-11-21,0.284492809949,0.437405731523,0.365046296296
2017-11-22,0.954527788574,1.0,0.471643518519
2017-11-23,0.573260785076,0.666666666667,0.526851851852
2017-11-24,0.381655654878,0.493212669683,0.49849537037
2017-11-25,0.220365332297,0.453996983409,0.486226851852
2017-11-26,0.907889623008,0.825037707391,0.490393518519
2017-11-27,0.317139525845,0.405731523379,0.485648148148
2017-11-28,0.385542168675,0.484162895928,0.511574074074
2017-11-29,0.251068791294,0.301659125189,0.488425925926
2017-11-30,0.191605130198,0.262443438914,0.482060185185
2017-12-01,0.264282938204,0.371040723982,0.513425925926
2017-12-02,0.116984065293,0.229260935143,0.384259259259
2017-12-03,0.056743101438,0.150829562594,0.338194444444
2017-12-04,0.0478041197046,0.108597285068,0.400462962963
2017-12-05,0.119315973572,0.129713423831,0.293171296296
2017-12-06,0.146521570152,0.14479638009,0.24849537037
2017-12-07,0.139137193937,0.0829562594268,0.298263888889
2017-12-08,0.114263505635,0.143288084465,0.305555555556
2017-12-09,0.188174859325,0.212669683258,0.350845410628
2017-12-10,0.120870579091,0.251885369532,0.307523148148
2017-12-11,0.198600855033,0.346907993967,0.31099537037
2017-12-12,0.085114652157,0.345399698341,0.366087962963
2017-12-13,0.146132918772,0.268476621418,0.290625
2017-12-14,0.0816167897396,0.193061840121,0.338425925926
2017-12-15,0.0515047567549,0.14479638009,0.507125603865
2017-12-16,0.14885347843,0.297134238311,0.434027777778
2017-12-17,0.059463661096,0.280542986425,0.462615740741
2017-12-18,0.0,0.0,0.405902777778
2017-12-19,0.445005829771,0.491704374057,0.302777777778
2017-12-20,0.204819277108,0.32730015083,0.316203703704
2017-12-21,0.0544111931597,0.140271493213,0.236689814815
2017-12-22,0.434512242518,0.443438914027,0.394791666667
2017-12-23,0.221919937816,0.389140271493,0.214930555556
2017-12-24,0.12203653323,0.20814479638,0.303009259259
2017-12-25,0.0135674663463,0.101055806938,0.458712121212
2017-12-26,0.0400310921104,0.146304675716,0.435185185185
2017-12-27,0.0151574038088,0.0980392156863,0.269328703704
2017-12-28,0.0520792848815,0.268476621418,0.332175925926
2017-12-29,0.120870579091,0.232277526395,0.269097222222
2017-12-30,0.157792460163,0.268476621418,0.507060185185
2017-12-31,0.0884097399415,0.132730015083,0.315821256039
2018-01-01,0.120481927711,0.140271493213,0.336805555556
2018-01-02,0.051301982122,0.078431372549,0.262384259259
2018-01-03,0.103769918383,0.146304675716,0.30162037037
2018-01-04,0.119637033407,0.348416289593,0.377173913043
2018-01-05,0.17528177225,0.337858220211,0.413194444444
2018-01-06,0.108822386319,0.36802413273,0.464699074074
2018-01-07,0.0524679362612,0.262443438914,0.475
2018-01-08,0.0,0.00904977375566,0.550115740741
2018-01-09,0.0,0.00452488687783,0.587384259259
2018-01-10,0.0,0.0,0.565509259259
2018-01-11,0.0,0.0,0.538164251208
2018-01-12,0.0,0.0,0.582367149758
2018-01-13,0.0093276331131,0.123680241327,0.36412037037
2018-01-14,0.157015157404,0.131221719457,0.270601851852
2018-01-15,0.409638554217,0.499245852187,0.334027777778
2018-01-16,0.165824588677,0.476621417798,0.433950617284
2018-01-17,0.0,0.0,0.429976851852
2018-01-18,0.0,0.0,0.426041666667
2018-01-19,0.0,0.0,0.52650462963
2018-01-20,0.0,0.0,0.507523148148
2018-01-21,0.0,0.378582202112,0.441087962963
2018-01-22,0.0,0.0,0.491203703704
2018-01-23,0.0,0.0,0.483217592593
2018-01-24,0.101049358725,0.532428355958,0.382523148148
2018-01-25,0.170617955694,0.440422322775,0.480671296296
2018-01-26,0.271667314419,0.521870286576,0.399537037037
2018-01-27,0.24290711232,0.434389140271,0.398958333333
2018-01-28,0.0559657986786,0.206636500754,0.420833333333
2018-01-29,0.219976680917,0.567119155354,0.586574074074
2018-01-30,0.0,0.0,0.53587962963
2018-01-31,0.0516906335017,0.22322775264,0.44837962963
2018-02-01,0.104158569763,0.177978883861,0.463888888889
2018-02-02,0.223474543335,0.292609351433,0.563888888889
2018-02-03,0.105324523902,0.32730015083,0.425115740741
2018-02-04,0.247570928877,0.333333333333,0.473263888889
2018-02-05,0.0852206479878,0.15233785822,0.59154040404
2018-02-06,0.020209871745,0.0995475113122,0.400810185185
2018-02-07,0.277108433735,0.41628959276,0.403356481481
2018-02-08,0.326467158958,0.460030165913,0.555324074074
2018-02-09,0.0637388262728,0.253393665158,0.464351851852
2018-02-10,0.144189661873,0.217194570136,0.36087962963
2018-02-11,0.314030314808,0.573152337858,0.218981481481
2018-02-12,0.112708900117,0.310708898944,0.354282407407
2018-02-13,0.168674698795,0.265460030166,0.410763888889
2018-02-14,0.132530120482,0.16742081448,0.336805555556
2018-02-15,0.172763987225,0.20060331825,0.398550724638
2018-02-16,0.106659456902,0.279034690799,0.560748792271
2018-02-17,0.261562378546,0.410256410256,0.45150462963
2018-02-18,0.846871356393,0.58371040724,0.148726851852
2018-02-19,0.205596579868,0.395173453997,0.325347222222
2018-02-20,0.210885618209,0.301659125189,0.282125603865
2018-02-21,0.0839486980179,0.150829562594,0.396990740741
2018-02-22,0.2969296541,0.438914027149,0.371180555556
2018-02-23,0.123035922492,0.239819004525,0.533465608466
2018-02-24,0.268946754761,0.354449472097,0.445833333333
2018-02-25,0.443839875632,0.567119155354,0.532638888889
2018-02-26,0.158958414302,0.253393665158,0.454050925926
2018-02-27,0.322191993782,0.279034690799,0.558564814815
2018-02-28,0.543723280218,0.589743589744,0.437962962963
2018-03-01,0.388262728333,0.47209653092,0.308101851852
2018-03-02,0.130975514963,0.170437405732,0.341666666667
2018-03-03,0.14885347843,0.209653092006,0.465393518519
2018-03-04,0.0936649825107,0.188536953243,0.558449074074
2018-03-05,0.126311698407,0.212669683258,0.514699074074
2018-03-06,0.116206762534,0.233785822021,0.436574074074
2018-03-07,0.116984065293,0.218702865762,0.341782407407
2018-03-08,0.204802379222,0.3197586727,0.520652173913
2018-03-09,0.176836377769,0.316742081448,0.526967592593
2018-03-10,0.123202487369,0.188536953243,0.325
2018-03-11,0.203180182159,0.227752639517,0.423792270531
2018-03-12,0.423241352507,0.336349924585,0.286458333333
2018-03-13,0.327633113098,0.324283559578,0.279398148148
2018-03-14,0.152351340847,0.250377073906,0.45474537037
2018-03-15,0.188107267781,0.229260935143,0.329398148148
2018-03-16,0.0928876797513,0.177978883861,0.349537037037
2018-03-17,0.101826661485,0.155354449472,0.372685185185
2018-03-18,0.153517294986,0.253393665158,0.433101851852
2018-03-19,0.0664593859308,0.140271493213,0.52337962963
2018-03-20,0.093276331131,0.184012066365,0.411226851852
2018-03-21,0.336960746211,0.405731523379,0.30150462963
2018-03-22,0.278663039254,0.420814479638,0.381018518519
2018-03-23,0.111931597357,0.325791855204,0.425231481481
2018-03-24,0.122425184609,0.251885369532,0.414930555556
2018-03-25,0.316362223086,0.318250377074,0.444444444444
2018-03-26,0.544889234357,0.426847662142,0.509027777778
2018-03-27,0.377380489701,0.383107088989,0.577777777778
2018-03-28,0.141857753595,0.265460030166,0.575810185185
2018-03-29,0.139525845317,0.292609351433,0.573842592593
2018-03-30,0.308200544112,0.336349924585,0.546296296296
2018-03-31,0.291488534784,0.248868778281,0.444328703704
2018-04-01,0.44617178391,0.417797888386,0.565740740741
2018-04-02,0.309755149631,0.389140271493,0.501967592593
2018-04-03,0.337660318694,0.239819004525,0.513888888889
2018-04-05,0.0761756704236,0.150829562594,0.63125
2018-04-06,0.25689856199,0.333333333333,0.344791666667
2018-04-07,0.406360364318,0.475113122172,0.373188405797
2018-04-08,0.128254955305,0.303167420814,0.462037037037
2018-04-09,0.154683249126,0.217194570136,0.456944444444
2018-04-10,0.788962300816,0.630467571644,0.423148148148
2018-04-11,0.336960746211,0.487179487179,0.374189814815
2018-04-12,0.207928488146,0.282051282051,0.593981481481
2018-04-13,0.530120481928,0.607843137255,0.52349537037
2018-04-14,0.291877186164,0.383107088989,0.411805555556
2018-04-15,0.204819277108,0.544494720965,0.354976851852
2018-04-16,0.13525068014,0.372549019608,0.577430555556
2018-04-17,0.17528177225,0.260935143288,0.522569444444
2018-04-18,0.132530120482,0.185520361991,0.431365740741
2018-04-19,0.204819277108,0.26395173454,0.461226851852
2018-04-20,0.151185386708,0.346907993967,0.553240740741
2018-04-21,0.207151185387,0.266968325792,0.542013888889
2018-04-22,0.158181111543,0.244343891403,0.418287037037
2018-04-23,0.237465993004,0.230769230769,0.317361111111
2018-04-24,0.151574038088,0.206636500754,0.454976851852
2018-04-25,0.236300038865,0.266968325792,0.26099537037
2018-04-26,0.193548387097,0.220211161388,0.403356481481
2018-04-27,0.139914496696,0.171945701357,0.47037037037
2018-04-28,0.0291488534784,0.202111613876,0.478009259259
2018-04-29,0.0419743490089,0.132730015083,0.371180555556
2018-04-30,0.104935872522,0.162895927602,0.562615740741
2018-05-01,0.179556937427,0.260935143288,0.489814814815
2018-05-02,0.117372716673,0.212669683258,0.461226851852
2018-05-03,0.254178002332,0.279034690799,0.53912037037
2018-05-04,0.106101826661,0.20814479638,0.421759259259
2018-05-05,0.232802176448,0.260935143288,0.330439814815
2018-05-06,0.169840652934,0.188536953243,0.414351851852
2018-05-07,0.116984065293,0.250377073906,0.456365740741
2018-05-08,0.312864360668,0.449472096531,0.367592592593
2018-05-09,0.545058213218,0.490196078431,0.441425120773
2018-05-10,0.179945588807,0.248868778281,0.521875
2018-05-11,0.234745433346,0.218702865762,0.455092592593
2018-05-12,0.198989506413,0.22322775264,0.534027777778
2018-05-13,0.186164010882,0.233785822021,0.328009259259
2018-05-14,0.158181111543,0.280542986425,0.444791666667
2018-05-15,0.233190827827,0.3197586727,0.453356481481
2018-05-16,0.154294597746,0.226244343891,0.485648148148
2018-05-17,0.127089001166,0.211161387632,0.449421296296
2018-05-18,0.130586863583,0.310708898944,0.357175925926
2018-05-19,0.0963855421687,0.16742081448,0.396180555556
2018-05-20,0.0983287990672,0.226244343891,0.405787037037
2018-05-21,0.115429459775,0.212669683258,0.461111111111
2018-05-22,0.115818111154,0.20060331825,0.431134259259
2018-05-23,0.261951029926,0.306184012066,0.42025462963
2018-05-24,0.211037699184,0.339366515837,0.437152777778
2018-05-25,0.285658764089,0.377073906486,0.427430555556
2018-05-26,0.220753983677,0.339366515837,0.478240740741
2018-05-27,0.237077341625,0.301659125189,0.5125
2018-05-28,0.443062572872,0.342383107089,0.510648148148
2018-05-29,0.205596579868,0.300150829563,0.513078703704
2018-05-30,0.0961151759915,0.226244343891,0.440821256039
2018-05-31,0.132141469102,0.325791855204,0.44849537037
2018-06-01,0.18888457054,0.298642533937,0.415740740741
2018-06-02,0.184220753984,0.209653092006,0.445949074074
2018-06-03,0.287990672367,0.383107088989,0.455902777778
2018-06-04,0.260785075787,0.295625942685,0.496875
2018-06-05,0.258064516129,0.402714932127,0.499189814815
2018-06-06,0.327633113098,0.450980392157,0.500694444444
2018-06-07,0.252623396813,0.358974358974,0.425231481481
2018-06-08,0.312864360668,0.374057315234,0.428009259259
2018-06-09,0.181500194326,0.298642533937,0.499421296296
2018-06-10,0.19060815492,0.265460030166,0.536473429952
2018-06-11,0.199766809172,0.322775263952,0.503356481481
2018-06-12,0.165565487757,0.277526395173,0.441087962963
2018-06-13,0.181888845705,0.288084464555,0.406365740741
2018-06-14,0.106101826661,0.227752639517,0.458912037037
2018-06-15,0.259619121648,0.466063348416,0.448611111111
2018-06-16,0.406140691799,0.607843137255,0.408912037037
2018-06-17,0.13447337738,0.244343891403,0.497337962963
2018-06-18,0.198600855033,0.292609351433,0.469560185185
2018-06-19,0.104299897537,0.184012066365,0.425505050505
2018-06-20,0.273999222697,0.300150829563,0.445486111111
2018-06-21,0.167120093276,0.242835595777,0.531018518519
2018-06-22,0.0804508356005,0.168929110106,0.443865740741
2018-06-23,0.130198212204,0.224736048265,0.471759259259
2018-06-24,0.252623396813,0.482654600302,0.414351851852
2018-06-25,0.296152351341,0.345399698341,0.518171296296
2018-06-26,0.247570928877,0.31221719457,0.540856481481
2018-06-27,0.172172561213,0.357466063348,0.518865740741
2018-06-28,0.141469102215,0.20060331825,0.619675925926
2018-06-29,0.0633501748931,0.140271493213,0.481365740741
2018-06-30,0.273221919938,0.294117647059,0.515277777778
2018-07-01,0.322191993782,0.322775263952,0.583912037037
2018-07-02,0.14885347843,0.235294117647,0.528240740741
2018-07-03,0.155071900505,0.22322775264,0.468171296296
2018-07-04,0.36533229693,0.47209653092,0.265740740741
2018-07-05,0.220365332297,0.239819004525,0.451388888889
2018-07-06,0.305479984454,0.452488687783,0.464699074074
2018-07-07,0.0963855421687,0.20060331825,0.53912037037
2018-07-08,0.116984065293,0.214177978884,0.513078703704
2018-07-09,0.123202487369,0.273001508296,0.427893518519
2018-07-10,0.124757092888,0.158371040724,0.625231481481
2018-07-11,0.173338515352,0.238310708899,0.523032407407
2018-07-12,0.261562378546,0.334841628959,0.495949074074
2018-07-13,0.326078507579,0.386123680241,0.483680555556
2018-07-14,0.265448892344,0.289592760181,0.500231481481
2018-07-15,0.201321414691,0.31221719457,0.54849537037
2018-07-16,0.193937038476,0.268476621418,0.519328703704
2018-07-17,0.263116984065,0.298642533937,0.485532407407
2018-07-18,0.303536727555,0.313725490196,0.500347222222
2018-07-19,0.2432957637,0.274509803922,0.499074074074
2018-07-20,0.166342790517,0.354449472097,0.497569444444
2018-07-21,0.17528177225,0.229260935143,0.497222222222
2018-07-22,0.198600855033,0.325791855204,0.476041666667
2018-07-23,0.253789350952,0.30467571644,0.465162037037
2018-07-24,0.206373882627,0.276018099548,0.484490740741
2018-07-25,0.245239020599,0.325791855204,0.500810185185
2018-07-26,0.192382432958,0.283559577677,0.462615740741
2018-07-27,0.182277497085,0.328808446456,0.536805555556
2018-07-28,0.192771084337,0.288084464555,0.459143518519
2018-07-29,0.219199378158,0.30467571644,0.459259259259
2018-07-30,0.197823552274,0.286576168929,0.482523148148
2018-07-31,0.197823552274,0.280542986425,0.481944444444
2018-08-01,0.213369607462,0.289592760181,0.469675925926
2018-08-02,0.0987174504469,0.168929110106,0.384375
2018-08-03,0.131364166343,0.209653092006,0.652777777778
2018-08-04,0.162844928099,0.330316742081,0.496875
2018-08-05,0.158569762923,0.280542986425,0.492361111111
2018-08-06,0.236300038865,0.3197586727,0.447916666667
2018-08-07,0.212592304703,0.276018099548,0.467013888889
2018-08-08,0.238631947143,0.241327300151,0.476273148148
2018-08-09,0.205596579868,0.273001508296,0.517013888889
2018-08-10,0.214146910222,0.288084464555,0.47337962963
2018-08-11,0.144578313253,0.26395173454,0.472800925926
2018-08-12,0.0944422852701,0.158371040724,0.556481481481
2018-08-13,0.127866303925,0.182503770739,0.455208333333
2018-08-14,0.0753983676642,0.146304675716,0.49525462963
2018-08-15,0.224251846094,0.262443438914,0.443634259259
2018-08-16,0.179556937427,0.25641025641,0.482175925926
2018-08-17,0.173338515352,0.218702865762,0.497569444444
2018-08-18,0.108822386319,0.190045248869,0.475694444444
2018-08-19,0.136416634279,0.190045248869,0.419212962963
2018-08-20,0.301149297651,0.361990950226,0.454365079365
2018-08-21,0.1896618733,0.233785822021,0.439699074074
2018-08-22,0.21609016712,0.300150829563,0.454976851852
2018-08-23,0.223085891955,0.227752639517,0.493518518519
2018-08-24,0.123202487369,0.209653092006,0.520949074074
2018-08-25,0.0163233579479,0.0769230769231,0.291666666667
2018-09-09,0.343049617826,0.384615384615,0.439351851852
2018-09-10,0.208317139526,0.277526395173,0.45462962963
2018-09-11,0.0742324135251,0.149321266968,0.483101851852
2018-09-12,0.0373105324524,0.079939668175,0.254761904762
2018-09-18,0.108090807252,0.182503770739,0.480555555556
2018-09-19,0.118538670812,0.221719457014,0.490162037037
2018-09-20,0.108822386319,0.233785822021,0.486921296296
2018-09-21,0.2969296541,0.42383107089,0.339351851852
2018-09-22,0.102603964244,0.174962292609,0.453125
2018-09-23,0.120093276331,0.184012066365,0.476967592593
2018-09-24,0.13525068014,0.153846153846,0.42349537037
2018-09-25,0.115040808395,0.187028657617,0.436574074074
2018-09-26,0.125923047027,0.138763197587,0.427546296296
2018-09-27,0.22969296541,0.306184012066,0.305208333333
2018-09-28,0.336960746211,0.342383107089,0.213657407407
2018-09-29,0.645938593082,0.529411764706,0.0981481481481
2018-09-30,0.246404974738,0.3197586727,0.34212962963
2018-10-01,0.244073066459,0.428355957768,0.447337962963
2018-10-02,0.515740380878,0.496229260935,0.471875
2018-10-03,0.0808394869802,0.165912518854,0.309722222222
2018-10-04,0.106490478041,0.135746606335,0.430439814815
2018-10-05,0.062184220754,0.25641025641,0.463425925926
2018-10-06,0.113486202876,0.184012066365,0.39537037037
2018-10-07,0.0132141469102,0.0663650075415,0.403819444444
2018-10-08,0.0326467158958,0.101055806938,0.37650462963
2018-10-09,0.245627671978,0.32730015083,0.378009259259
2018-10-10,0.142635056354,0.197586726998,0.428587962963
2018-10-11,0.159735717062,0.164404223228,0.46412037037
2018-10-12,0.165954139137,0.300150829563,0.404861111111
2018-10-13,0.32452390206,0.345399698341,0.327546296296
2018-10-14,0.130586863583,0.162895927602,0.411111111111
2018-10-15,0.0952195880295,0.158371040724,0.390509259259
2018-10-16,0.0858919549164,0.147812971342,0.413310185185
2018-10-17,0.146521570152,0.179487179487,0.389236111111
2018-10-18,0.113874854256,0.14479638009,0.418402777778
2018-10-19,0.235911387485,0.279034690799,0.400694444444
2018-10-20,0.123591138749,0.156862745098,0.387384259259
2018-10-21,0.134084726001,0.162895927602,0.339236111111
2018-10-22,0.0928876797513,0.116138763198,0.44224537037
2018-10-23,0.37815779246,0.410256410256,0.420486111111
2018-10-24,0.307423241353,0.396681749623,0.459953703704
2018-10-25,0.210649047804,0.321266968326,0.343981481481
2018-10-26,0.312087057909,0.539969834087,0.449305555556
2018-10-27,0.260396424407,0.497737556561,0.238194444444
2018-10-28,0.235522736106,0.536953242836,0.417939814815
2018-10-29,0.0792848814613,0.209653092006,0.37962962963
2018-10-30,0.0769529731831,0.224736048265,0.446990740741
2018-10-31,0.0664593859308,0.129713423831,0.47337962963
2018-11-01,0.384376214536,0.57616892911,0.498263888889
2018-11-02,0.261173727167,0.493212669683,0.56400462963
2018-11-03,0.21570151574,0.336349924585,0.448958333333
2018-11-04,0.16206762534,0.273001508296,0.439236111111
2018-11-05,0.12203653323,0.257918552036,0.540046296296
2018-11-06,0.0524679362612,0.309200603318,0.359143518519
2018-11-07,0.111931597357,0.20814479638,0.341087962963
2018-11-08,0.146132918772,0.164404223228,0.393865740741
2018-11-09,0.103769918383,0.238310708899,0.481712962963
2018-11-10,0.0897784687136,0.146304675716,0.394675925926
2018-11-11,0.0404197434901,0.125188536953,0.355208333333
2018-11-12,0.0816167897396,0.140271493213,0.324305555556
2018-11-13,0.169840652934,0.354449472097,0.415625
2018-11-14,0.206373882627,0.355957767722,0.43275462963
2018-11-15,0.29731830548,0.358974358974,0.433217592593
2018-11-16,0.250291488535,0.307692307692,0.158680555556
2018-11-17,0.165954139137,0.191553544495,0.303935185185
2018-11-18,0.0458608628061,0.0965309200603,0.333217592593
2018-11-19,0.0835600466382,0.126696832579,0.324305555556
2018-11-20,0.168286047415,0.254901960784,0.302083333333
2018-11-21,0.241352506801,0.505279034691,0.512962962963
2018-11-22,0.0,0.00150829562594,0.312384259259
2018-11-23,0.0,0.0,0.552083333333
2018-11-24,0.0,0.0,0.579398148148
2018-11-25,0.0,0.0,0.601388888889
2018-11-26,0.0713766707785,0.381598793363,0.388768115942
2018-11-27,0.44539448115,0.56862745098,0.459143518519
2018-11-28,0.122813835989,0.325791855204,0.393518518519
2018-11-29,0.0326467158958,0.0980392156863,0.360763888889
2018-11-30,0.0155460551885,0.123680241327,0.347685185185
2018-12-01,0.106879129421,0.174962292609,0.281365740741
2018-12-02,0.0719005052468,0.206636500754,0.335763888889
2018-12-03,0.232413525068,0.279034690799,0.17037037037
2018-12-04,0.0753983676642,0.123680241327,0.315393518519
2018-12-05,0.265837543723,0.349924585219,0.135069444444
2018-12-06,0.0691799455888,0.105580693816,0.373842592593
2018-12-07,0.0941242977776,0.114630467572,0.326767676768
2018-12-08,0.0559657986786,0.180995475113,0.402546296296
2018-12-09,0.267780800622,0.481146304676,0.450115740741
2018-12-10,0.194714341236,0.288084464555,0.472222222222
2018-12-11,0.35134084726,0.453996983409,0.500694444444
2018-12-12,0.442285270113,0.618401206637,0.487152777778
2018-12-13,0.226972405752,0.399698340875,0.455902777778
2018-12-14,0.993781577925,0.932126696833,0.445138888889
2018-12-15,0.360668480373,0.47209653092,0.352546296296
2018-12-16,0.393703847649,0.506787330317,0.467939814815
2018-12-17,0.0,0.0,0.430671296296
2018-12-18,0.0,0.0,0.475115740741
2018-12-19,0.0,0.0,0.410532407407
2018-12-20,0.158181111543,0.671191553544,0.45
2018-12-21,0.0,0.0,0.353356481481
2018-12-22,0.0,0.0,0.46400462963
2018-12-23,0.0746210649048,0.196078431373,0.390046296296
2018-12-24,0.0897784687136,0.131221719457,0.294560185185
2018-12-25,0.0614069179946,0.143288084465,0.337152777778
2018-12-26,0.0101049358725,0.227752639517,0.308680555556
2018-12-27,0.00233190827827,0.0648567119155,0.338425925926
2018-12-28,0.0308217441998,0.220211161388,0.386352657005
2018-12-29,0.368441507967,0.586726998492,0.550578703704
2018-12-30,0.182277497085,0.238310708899,0.370949074074
2018-12-31,0.134084726001,0.27149321267,0.359143518519
2019-01-01,0.129370215786,0.135746606335,0.305314009662
2019-01-02,0.188495919161,0.358974358974,0.445949074074
2019-01-03,0.274387874077,0.469079939668,0.42025462963
2019-01-04,0.640886125146,0.57616892911,0.471412037037
2019-01-05,0.277108433735,0.257918552036,0.307523148148
2019-01-06,0.48620287602,0.542986425339,0.496643518519
2019-01-07,0.1896618733,0.242835595777,0.329976851852
2019-01-08,0.303536727555,0.37556561086,0.13912037037
2019-01-09,0.10765643218,0.446455505279,0.548726851852
2019-01-10,0.206373882627,0.318250377074,0.497685185185
2019-01-11,0.153517294986,0.277526395173,0.355439814815
2019-01-12,0.314807617567,0.307692307692,0.322453703704
2019-01-13,0.165954139137,0.131221719457,0.246180555556
2019-01-14,0.12125923047,0.123680241327,0.278703703704
2019-01-15,0.232413525068,0.224736048265,0.306134259259
2019-01-16,0.265837543723,0.262443438914,0.342013888889
2019-01-17,0.29770695686,0.426847662142,0.348842592593
2019-01-18,0.304702681695,0.496229260935,0.426736111111
2019-01-19,0.754760979401,0.831070889894,0.525810185185
2019-01-20,0.154294597746,0.205128205128,0.281481481481
2019-01-21,0.0890011659541,0.300150829563,0.377314814815
2019-01-22,0.158569762923,0.333333333333,0.544097222222
2019-01-23,0.0314807617567,0.0965309200603,0.352314814815
2019-01-24,0.0952195880295,0.188536953243,0.363773148148
2019-01-25,0.131364166343,0.161387631976,0.396180555556
2019-01-26,0.184998056743,0.149321266968,0.347106481481
2019-01-27,0.233968130587,0.248868778281,0.288657407407
2019-01-28,0.137971239798,0.277526395173,0.281481481481
2019-01-29,0.151574038088,0.260935143288,0.406712962963
2019-01-30,0.0687912942091,0.161387631976,0.408564814815
2019-01-31,0.18888457054,0.273001508296,0.42025462963
2019-02-01,0.226195102993,0.297134238311,0.551273148148
2019-02-02,0.298872910999,0.307692307692,0.480092592593
2019-02-03,0.488923435678,0.42383107089,0.202199074074
2019-02-04,0.408472600078,0.446455505279,0.329976851852
2019-02-05,0.151962689468,0.182503770739,0.385763888889
2019-02-06,0.0894604812211,0.126696832579,0.361111111111
2019-02-07,0.0388651379712,0.131221719457,0.406944444444
2019-02-08,0.518849591916,0.662141779789,0.152430555556
2019-02-09,0.845316750874,0.704374057315,0.125578703704
2019-02-10,0.158993746246,0.316742081448,0.428535353535
2019-02-11,0.28591223238,0.410256410256,0.249637681159
2019-02-12,0.165176836378,0.233785822021,0.289583333333
2019-02-13,0.0901671200933,0.180995475113,0.362615740741
2019-02-14,0.299650213758,0.40874811463,0.210300925926
2019-02-15,0.104158569763,0.242835595777,0.431365740741
2019-02-16,0.0742324135251,0.174962292609,0.402083333333
2019-02-17,0.0893898173339,0.173453996983,0.412847222222
2019-02-18,0.106101826661,0.170437405732,0.47662037037
2019-02-19,0.0314807617567,0.143288084465,0.542939814815
2019-02-20,0.213758258842,0.313725490196,0.252662037037
2019-02-21,0.211037699184,0.322775263952,0.450115740741
2019-02-22,0.136805285659,0.30467571644,0.471527777778
2019-02-23,0.144189661873,0.224736048265,0.323032407407
2019-02-24,0.426637827608,0.37556561086,0.103743961353
2019-02-25,0.666925767586,0.481146304676,0.0595679012346
2019-02-26,0.631947143412,0.604826546003,0.202083333333
2019-02-27,0.525845316751,0.512820512821,0.224421296296
2019-02-28,0.0497473766032,0.120663650075,0.45150462963
2019-03-01,0.124757092888,0.226244343891,0.356597222222
2019-03-02,0.335406140692,0.331825037707,0.243171296296
2019-03-03,0.546055188496,0.432880844646,0.190740740741
2019-03-04,0.512242518461,0.354449472097,0.16712962963
2019-03-05,0.252623396813,0.251885369532,0.295717592593
2019-03-06,0.0742324135251,0.184012066365,0.440856481481
2019-03-07,0.0862806062962,0.196078431373,0.42337962963
2019-03-08,0.102603964244,0.165912518854,0.421643518519
2019-03-09,0.107267780801,0.15233785822,0.454050925926
2019-03-10,0.148431031278,0.185520361991,0.501690821256
2019-03-11,0.312864360668,0.349924585219,0.467592592593
2019-03-12,0.119315973572,0.22322775264,0.355208333333
2019-03-13,0.0839486980179,0.0754147812971,0.211111111111
2019-03-17,0.194714341236,0.168929110106,0.24375
2019-03-18,0.244461717839,0.244343891403,0.310532407407
2019-03-19,0.321414691022,0.32730015083,0.312037037037
2019-03-20,0.247182277497,0.212669683258,0.378240740741
2019-03-21,0.195880295375,0.202111613876,0.425462962963
2019-03-22,0.185775359503,0.352941176471,0.467939814815
2019-03-23,0.133696074621,0.242835595777,0.479861111111
2019-03-24,0.05402254178,0.176470588235,0.415162037037
2019-03-25,0.138359891178,0.286576168929,0.305092592593
2019-03-26,0.200932763311,0.345399698341,0.549652777778
2019-03-27,0.4597745822,0.458521870287,0.154976851852
2019-03-28,0.18888457054,0.226244343891,0.453009259259
2019-03-29,0.124368441508,0.245852187029,0.482523148148
2019-03-30,0.141857753595,0.20060331825,0.50775462963
2019-03-31,0.16206762534,0.244343891403,0.500925925926
2019-04-01,0.255343956471,0.279034690799,0.219675925926
2019-04-02,0.181500194326,0.277526395173,0.307291666667
2019-04-03,0.171395258453,0.301659125189,0.49525462963
2019-04-04,0.17605907501,0.268476621418,0.512615740741
2019-04-05,0.305091333074,0.470588235294,0.431018518519
2019-04-06,0.183054799845,0.56862745098,0.359027777778
2019-04-07,0.228138359891,0.300150829563,0.496759259259
2019-04-08,0.0474154683249,0.179487179487,0.382175925926
2019-04-09,0.190827827439,0.334841628959,0.463078703704
2019-04-10,0.185386708123,0.203619909502,0.617013888889
2019-04-11,0.0913330742324,0.15233785822,0.468865740741
2019-04-12,0.22930431403,0.259426847662,0.452083333333
2019-04-13,0.368441507967,0.429864253394,0.499074074074
2019-04-14,0.211426350564,0.241327300151,0.575115740741
2019-04-15,0.126700349786,0.206636500754,0.489699074074
2019-04-16,0.335017489312,0.37556561086,0.469444444444
2019-04-17,0.319082782744,0.288084464555,0.522106481481
2019-04-18,0.249514185775,0.473604826546,0.324421296296
2019-04-19,0.25728721337,0.355957767722,0.511458333333
2019-04-20,0.160901671201,0.193061840121,0.499537037037
2019-04-21,0.266614846483,0.280542986425,0.483564814815
2019-04-22,0.289933929265,0.307692307692,0.537962962963
2019-04-23,0.123202487369,0.21568627451,0.573032407407
2019-04-24,0.185775359503,0.297134238311,0.448263888889
2019-04-25,0.152351340847,0.205128205128,0.46712962963
2019-04-26,0.441119315974,0.435897435897,0.49224537037
2019-04-27,0.282549553051,0.41628959276,0.626157407407
2019-04-28,0.341235911387,0.398190045249,0.343402777778
2019-04-29,0.275942479596,0.336349924585,0.48275462963
2019-04-30,0.235134084726,0.324283559578,0.540162037037
2019-05-01,0.347454333463,0.398190045249,0.513541666667
2019-05-02,0.224251846094,0.232277526395,0.568865740741
2019-05-03,0.0703458997279,0.150829562594,0.553587962963
2019-05-04,0.112320248737,0.226244343891,0.51712962963
2019-05-05,0.218422075398,0.316742081448,0.484375
2019-05-06,0.213758258842,0.285067873303,0.502546296296
2019-05-07,0.191605130198,0.277526395173,0.548842592593
2019-05-08,0.217256121259,0.334841628959,0.18912037037
2019-05-09,0.198600855033,0.307692307692,0.458101851852
2019-05-10,0.171006607073,0.257918552036,0.502314814815
2019-05-11,0.194325689856,0.297134238311,0.500231481481
2019-05-12,0.130586863583,0.212669683258,0.49212962963
2019-05-13,0.0921103769918,0.180995475113,0.475231481481
2019-05-14,0.25650991061,0.331825037707,0.466550925926
2019-05-15,0.245239020599,0.604826546003,0.275925925926
2019-05-16,0.147298872911,0.283559577677,0.322222222222
2019-05-17,0.210649047804,0.333333333333,0.430555555556
2019-05-18,0.149630781189,0.325791855204,0.34212962963
2019-05-19,0.112320248737,0.25641025641,0.344907407407
2019-05-20,0.0893898173339,0.193061840121,0.493518518519
2019-05-21,0.151185386708,0.333333333333,0.444212962963
2019-05-22,0.111154294598,0.22322775264,0.444212962963
2019-05-23,0.245627671978,0.340874811463,0.515972222222
2019-05-24,0.0614069179946,0.235294117647,0.497569444444
2019-05-25,0.207539836766,0.47963800905,0.487731481481
2019-05-26,0.288767975126,0.363499245852,0.121064814815
2019-05-27,0.214535561601,0.280542986425,0.510416666667
2019-05-28,0.152739992227,0.191553544495,0.494560185185
2019-05-29,0.146910221531,0.165912518854,0.544212962963
2019-05-30,0.137971239798,0.199095022624,0.50474537037
2019-05-31,0.193937038476,0.288084464555,0.47337962963
2019-06-01,0.250291488535,0.32730015083,0.479513888889
2019-06-02,0.282938204431,0.40874811463,0.497106481481
2019-06-03,0.424795958026,0.435897435897,0.559027777778
2019-06-04,0.27089001166,0.330316742081,0.484027777778
2019-06-05,0.306257287213,0.37556561086,0.462384259259
2019-06-06,0.199766809172,0.301659125189,0.520949074074
2019-06-07,0.150796735328,0.279034690799,0.561342592593
2019-06-08,0.181500194326,0.331825037707,0.499768518519
2019-06-09,0.0602409638554,0.156862745098,0.416319444444
2019-06-10,0.169063350175,0.238310708899,0.51875
2019-06-11,0.111931597357,0.212669683258,0.482638888889
2019-06-12,0.165565487757,0.301659125189,0.476851851852
2019-06-13,0.307423241353,0.351432880845,0.46712962963
2019-06-14,0.106879129421,0.238310708899,0.548148148148
2019-06-15,0.138359891178,0.25641025641,0.555671296296
2019-06-16,0.200544111932,0.241327300151,0.534375
2019-06-17,0.28410415857,0.309200603318,0.528356481481
2019-06-18,0.355616012437,0.511312217195,0.566435185185
2019-06-19,0.26972405752,0.342383107089,0.544675925926
2019-06-20,0.245239020599,0.273001508296,0.434722222222
2019-06-21,0.2164788185,0.233785822021,0.542361111111
2019-06-22,0.205596579868,0.26395173454,0.563310185185
2019-06-23,0.168286047415,0.260935143288,0.563425925926
2019-06-24,0.166342790517,0.315233785822,0.546412037037
2019-06-25,0.184220753984,0.265460030166,0.583101851852
2019-06-26,0.183832102604,0.43137254902,0.465740740741
2019-06-27,0.104935872522,0.180995475113,0.477314814815
2019-06-28,0.17528177225,0.251885369532,0.532175925926
2019-06-29,0.0369218810727,0.105580693816,0.506597222222
2019-06-30,0.153517294986,0.247360482655,0.542361111111
2019-07-01,0.24290711232,0.313725490196,0.463078703704
2019-07-02,0.134084726001,0.214177978884,0.521412037037
2019-07-03,0.152739992227,0.199095022624,0.579050925926
2019-07-04,0.0901671200933,0.177978883861,0.549652777778
2019-07-05,0.0956082394092,0.233785822021,0.391087962963
2019-07-06,0.10804508356,0.14479638009,0.549768518519
2019-07-07,0.0785075787019,0.132730015083,0.572453703704
2019-07-08,0.0874465604353,0.164404223228,0.534953703704
2019-07-09,0.217644772639,0.324283559578,0.446180555556
2019-07-10,0.267392149242,0.432880844646,0.499652777778
2019-07-11,0.109599689079,0.170437405732,0.528819444444
2019-07-12,0.114652157015,0.211161387632,0.531712962963
2019-07-13,0.151574038088,0.280542986425,0.523263888889
2019-07-14,0.0668480373105,0.205128205128,0.485300925926
2019-07-15,0.136805285659,0.307692307692,0.416435185185
2019-07-16,0.177225029149,0.262443438914,0.486111111111
2019-07-17,0.520015546055,0.496229260935,0.47974537037
2019-07-18,0.249412798459,0.306184012066,0.586231884058
2019-07-19,0.164399533618,0.268476621418,0.509143518519
2019-07-20,0.180722891566,0.276018099548,0.525
2019-07-21,0.294597745822,0.414781297134,0.468981481481
2019-07-22,0.312087057909,0.266968325792,0.513310185185
2019-07-23,0.17605907501,0.298642533937,0.49525462963
2019-07-24,0.246793626117,0.282051282051,0.564814814815
2019-07-25,0.125145744267,0.251885369532,0.52349537037
2019-07-26,0.425573260785,0.432880844646,0.457986111111
2019-07-27,0.386319471434,0.351432880845,0.540972222222
2019-07-28,0.130975514963,0.21568627451,0.51712962963
2019-07-29,0.18888457054,0.313725490196,0.517708333333
2019-07-30,0.240186552662,0.277526395173,0.536805555556
2019-07-31,0.12164788185,0.193061840121,0.5625
2019-08-01,0.431403031481,0.564102564103,0.414236111111
2019-08-02,0.674698795181,0.619909502262,0.486921296296
2019-08-03,0.168286047415,0.238310708899,0.549421296296
2019-08-04,0.193937038476,0.227752639517,0.505439814815
2019-08-05,0.211426350564,0.239819004525,0.484953703704
2019-08-06,0.174115818111,0.229260935143,0.497685185185
2019-08-07,0.186164010882,0.251885369532,0.481828703704
2019-08-08,0.152739992227,0.230769230769,0.46724537037
2019-08-09,0.111542945977,0.150829562594,0.534837962963
2019-08-10,0.0474154683249,0.132730015083,0.524652777778
2019-08-11,0.13525068014,0.253393665158,0.564699074074
2019-08-12,0.110765643218,0.205128205128,0.467013888889
2019-08-13,0.0952195880295,0.177978883861,0.479398148148
2019-08-14,0.168674698795,0.247360482655,0.484490740741
2019-08-15,0.254178002332,0.316742081448,0.490740740741
2019-08-16,0.115818111154,0.20060331825,0.550347222222
2019-08-17,0.209483093665,0.285067873303,0.499189814815
2019-08-18,0.247570928877,0.386123680241,0.526388888889
2019-08-19,0.171783909833,0.218702865762,0.56412037037
2019-08-20,0.367664205208,0.410256410256,0.429861111111
2019-08-21,0.224251846094,0.331825037707,0.465740740741
2019-08-22,0.12125923047,0.250377073906,0.492476851852
2019-08-23,0.113486202876,0.199095022624,0.440856481481
2019-08-24,0.103381267003,0.20814479638,0.530092592593
2019-08-25,0.129809560824,0.269984917044,0.531018518519
2019-08-26,0.118150019433,0.22322775264,0.475462962963
2019-08-27,0.172561212592,0.212669683258,0.470601851852
2019-08-28,0.14807617567,0.248868778281,0.470949074074
2019-08-29,0.174115818111,0.241327300151,0.467824074074
2019-08-30,0.0423630003887,0.116138763198,0.443171296296
2019-08-31,0.104547221143,0.188536953243,0.475462962963
2019-09-01,0.0454722114264,0.129713423831,0.458796296296
2019-09-02,0.124368441508,0.22322775264,0.478240740741
2019-09-03,0.123202487369,0.227752639517,0.464699074074
2019-09-04,0.124368441508,0.224736048265,0.475
2019-09-05,0.167120093276,0.193061840121,0.477546296296
2019-09-06,0.214535561601,0.247360482655,0.429050925926
2019-09-07,0.0462495141858,0.141779788839,0.43587962963
2019-09-08,0.0773416245628,0.199095022624,0.571296296296
2019-09-09,0.0582977069569,0.174962292609,0.433912037037
2019-09-10,0.0800621842208,0.176470588235,0.454166666667
2019-09-11,0.130975514963,0.224736048265,0.478472222222
2019-09-12,0.287602020987,0.426847662142,0.422916666667
2019-09-13,0.300816167897,0.361990950226,0.499768518519
2019-09-14,0.661095996891,0.577677224736,0.452199074074
2019-09-15,0.288767975126,0.381598793363,0.45162037037
2019-09-16,0.184220753984,0.321266968326,0.444444444444
2019-09-17,0.408472600078,0.494720965309,0.359722222222
2019-09-18,0.137193937038,0.177978883861,0.415625
2019-09-19,0.0847260007773,0.135746606335,0.478125
2019-09-20,0.0614069179946,0.122171945701,0.555902777778
2019-09-21,0.0742324135251,0.221719457014,0.588310185185
2019-09-22,0.116984065293,0.224736048265,0.451157407407
2019-09-23,0.327244461718,0.352941176471,0.4625
2019-09-24,0.292265837544,0.251885369532,0.530671296296
2019-09-25,0.293820443063,0.413273001508,0.505902777778
2019-09-26,0.143023707734,0.202111613876,0.447453703704
2019-09-27,0.208705790906,0.521870286576,0.499537037037
2019-09-28,0.617955693743,0.702865761689,0.274768518519
2019-09-29,0.420909444229,0.441930618401,0.33599537037
2019-09-30,0.190050524679,0.343891402715,0.490509259259
2019-10-01,0.0890011659541,0.180995475113,0.452314814815
2019-10-02,0.122813835989,0.268476621418,0.424305555556
2019-10-03,0.137971239798,0.277526395173,0.504976851852
2019-10-04,0.0633501748931,0.193061840121,0.443055555556
2019-10-05,0.100272055966,0.233785822021,0.531481481481
2019-10-06,0.0629615235134,0.141779788839,0.333680555556
2019-10-07,0.383598911776,0.610859728507,0.593865740741
2019-10-08,0.307034589973,0.384615384615,0.417939814815
2019-10-09,0.186941313642,0.324283559578,0.432638888889
2019-10-10,0.0746210649048,0.147812971342,0.391319444444
2019-10-11,0.0625728721337,0.149321266968,0.35474537037
2019-10-12,0.0559657986786,0.131221719457,0.418402777778
2019-10-13,0.0812281383599,0.176470588235,0.507986111111
2019-10-14,0.106879129421,0.188536953243,0.36087962963
2019-10-15,0.105324523902,0.434389140271,0.368171296296
2019-10-16,0.482316362223,0.524886877828,0.471643518519
2019-10-17,0.164788184998,0.435897435897,0.494560185185
2019-10-18,0.227361057132,0.351432880845,0.48125
2019-10-19,0.0439176059075,0.141779788839,0.402314814815
2019-10-20,0.129032258065,0.316742081448,0.45787037037
2019-10-21,0.107267780801,0.251885369532,0.397222222222
2019-10-22,0.224640497474,0.269984917044,0.486805555556
2019-10-23,0.093276331131,0.126696832579,0.327546296296
2019-10-24,0.16245627672,0.321266968326,0.311111111111
2019-10-25,0.447726389429,0.723981900452,0.538310185185
2019-10-26,0.429848425962,0.56862745098,0.152430555556
2019-10-27,0.101438010105,0.318250377074,0.393865740741
2019-10-28,0.282160901671,0.446455505279,0.308333333333
2019-10-29,0.205985231248,0.343891402715,0.303240740741
2019-10-30,0.0408083948698,0.15233785822,0.41875
2019-10-31,0.0890011659541,0.146304675716,0.400462962963
2019-11-01,0.0742324135251,0.15233785822,0.391319444444
2019-11-02,0.0882238631947,0.161387631976,0.437152777778
2019-11-03,0.0695685969685,0.128205128205,0.50462962963
2019-11-04,0.0610182666148,0.122171945701,0.476967592593
2019-11-05,0.137193937038,0.21568627451,0.380439814815
2019-11-06,0.115429459775,0.244343891403,0.345138888889
2019-11-07,0.0466381655655,0.101055806938,0.372106481481
2019-11-08,0.150408083949,0.355957767722,0.353356481481
2019-11-09,0.0652934317917,0.239819004525,0.405555555556
2019-11-10,0.164399533618,0.235294117647,0.184143518519
2019-11-11,0.0940536338904,0.32730015083,0.406134259259
2019-11-12,0.0345899727944,0.161387631976,0.33900462963
2019-11-13,0.127866303925,0.190045248869,0.304398148148
2019-11-14,0.151962689468,0.265460030166,0.36412037037
2019-11-15,0.160901671201,0.407239819005,0.435300925926
2019-11-16,0.112320248737,0.254901960784,0.424421296296
2019-11-17,0.206373882627,0.337858220211,0.403472222222
2019-11-18,0.133307423241,0.3604826546,0.377083333333
2019-11-19,0.368441507967,0.481146304676,0.363657407407
2019-11-20,0.157792460163,0.190045248869,0.310763888889
2019-11-21,0.0439176059075,0.138763197587,0.371412037037
2019-11-22,0.0660707345511,0.131221719457,0.406134259259
2019-11-23,0.197046249514,0.398190045249,0.463078703704
2019-11-24,0.0614069179946,0.188536953243,0.430671296296
2019-11-25,0.0318694131364,0.158371040724,0.392592592593
2019-11-26,0.467158958414,0.717948717949,0.163773148148
2019-11-27,1.0,0.79185520362,0.121990740741
2019-11-28,0.47260007773,0.506787330317,0.129282407407
2019-11-29,0.191605130198,0.218702865762,0.236458333333
2019-11-30,0.0757870190439,0.173453996983,0.357523148148
2019-12-01,0.111154294598,0.194570135747,0.328472222222
2019-12-02,0.132530120482,0.318250377074,0.297685185185
2019-12-03,0.403420132141,0.383107088989,0.478125
2019-12-04,0.093276331131,0.300150829563,0.491087962963
2019-12-05,0.0275942479596,0.16742081448,0.322337962963
2019-12-06,0.258064516129,0.500754147813,0.400925925926
2019-12-07,0.0266503803231,0.196078431373,0.337698412698
2019-12-14,0.0322227325725,0.10407239819,0.463131313131
2019-12-15,0.0617955693743,0.134238310709,0.363888888889
2019-12-16,0.0890011659541,0.199095022624,0.475
2019-12-17,0.206762534007,0.532428355958,0.426967592593
2019-12-18,0.493198600855,0.476621417798,0.513657407407
2019-12-19,0.211815001943,0.410256410256,0.482638888889
2019-12-20,0.250291488535,0.355957767722,0.428703703704
2019-12-21,0.0808394869802,0.140271493213,0.269791666667
2019-12-22,0.158569762923,0.26395173454,0.291319444444
2019-12-23,0.093276331131,0.173453996983,0.346064814815
2019-12-24,0.05402254178,0.179487179487,0.367708333333
2019-12-25,0.0415856976292,0.10407239819,0.308333333333
2019-12-26,0.109211037699,0.247360482655,0.492361111111
2019-12-27,0.0726778080062,0.211161387632,0.476736111111
2019-12-28,0.0843373493976,0.20814479638,0.311342592593
2019-12-29,0.0458608628061,0.135746606335,0.278935185185
2019-12-30,0.278274387874,0.363499245852,0.508796296296
2019-12-31,0.0785075787019,0.372549019608,0.403472222222
