"date","swe_nos","daily_tot_precip_nos","two_day_tot_precip_nos","three_day_tot_precip_nos"
"2011-11-01",7,NA,NA,NA
"2011-11-02",18,12,NA,NA
"2011-11-03",22,4,16,NA
"2011-11-04",23,1,5,17
"2011-11-05",23,0,1,5
"2011-11-06",22,1,1,2
"2011-11-07",28,6,7,7
"2011-11-08",28,4,10,11
"2011-11-09",34,7,11,17
"2011-11-10",25,0,7,11
"2011-11-11",28,6,6,13
"2011-11-12",31,7,13,13
"2011-11-13",31,6,13,19
"2011-11-14",30,1,7,14
"2011-11-15",27,1,2,8
"2011-11-16",36,10,11,12
"2011-11-17",51,16,26,27
"2011-11-18",51,2,18,28
"2011-11-19",51,4,6,22
"2011-11-20",55,4,8,10
"2011-11-21",61,6,10,14
"2011-11-22",106,47,53,57
"2011-11-23",109,3,50,56
"2011-11-24",113,7,10,57
"2011-11-25",118,7,14,17
"2011-11-26",133,15,22,29
"2011-11-27",157,25,40,47
"2011-11-28",157,4,29,44
"2011-11-29",158,4,8,33
"2011-11-30",155,0,4,8
"2011-12-01",158,8,8,12
"2011-12-02",143,5,13,13
"2011-12-03",152,13,18,26
"2011-12-04",149,0,13,18
"2011-12-05",148,3,3,16
"2011-12-06",154,12,15,15
"2011-12-07",156,14,26,29
"2011-12-08",148,6,20,32
"2011-12-09",153,9,15,29
"2011-12-10",155,11,20,26
"2011-12-11",156,14,25,34
"2011-12-12",146,4,18,29
"2011-12-13",154,14,18,32
"2011-12-14",155,6,20,24
"2011-12-15",153,4,10,24
"2011-12-16",159,8,12,18
"2011-12-17",161,6,14,18
"2011-12-18",163,4,10,18
"2011-12-19",164,8,12,18
"2011-12-20",166,15,23,27
"2011-12-21",158,9,24,32
"2011-12-22",156,30,39,54
"2011-12-23",156,24,54,63
"2011-12-24",164,14,38,68
"2011-12-25",178,16,30,54
"2011-12-26",183,9,25,39
"2011-12-27",194,13,22,38
"2011-12-28",216,23,36,45
"2011-12-29",229,19,42,55
"2011-12-30",248,20,39,62
"2011-12-31",247,4,24,43
"2012-01-01",258,12,16,36
"2012-01-02",263,11,23,27
"2012-01-03",268,13,24,36
"2012-01-04",324.571428571429,56.5714285714286,69.5714285714286,80.5714285714286
"2012-01-05",337,15.4285714285714,72,85
"2012-01-06",337,3,18.4285714285714,75
"2012-01-07",339,5,8,23.4285714285714
"2012-01-08",349,12,17,20
"2012-01-09",355,14,26,31
"2012-01-10",346,0,14,26
"2012-01-11",352,6,6,20
"2012-01-12",359,11,17,17
"2012-01-13",365,12,23,29
"2012-01-14",372,10,22,33
"2012-01-15",366,1,11,23
"2012-01-16",368,3,4,14
"2012-01-17",371,6,9,10
"2012-01-18",367,8,14,17
"2012-01-19",368,7,15,21
"2012-01-20",385,18,25,33
"2012-01-21",368,10,28,35
"2012-01-22",391,30,40,58
"2012-01-23",385,20,50,60
"2012-01-24",433,49,69,99
"2012-01-25",439,23,72,92
"2012-01-26",449,21,44,93
"2012-01-27",465,29,50,73
"2012-01-28",491,31,60,81
"2012-01-29",518,32,63,92
"2012-01-30",515,7,39,70
"2012-01-31",522,8,15,47
"2012-02-01",521,6,14,21
"2012-02-02",532,13,19,27
"2012-02-03",541,9,22,28
"2012-02-04",537,7,16,29
"2012-02-05",538,7,14,23
"2012-02-06",539,6,13,20
"2012-02-07",545,6,12,19
"2012-02-08",543,5,11,17
"2012-02-09",549,13,18,24
"2012-02-10",552,6,19,24
"2012-02-11",555,16,22,35
"2012-02-12",558,11,27,33
"2012-02-13",554,7,18,34
"2012-02-14",551,12,19,30
"2012-02-15",550,9,21,28
"2012-02-16",556,16,25,37
"2012-02-17",573,19,35,44
"2012-02-18",561,5,24,40
"2012-02-19",560,5,10,29
"2012-02-20",562,9,14,19
"2012-02-21",569,14,23,28
"2012-02-22",560,10,24,33
"2012-02-23",561,8,18,32
"2012-02-24",599,38,46,56
"2012-02-25",580,0,38,46
"2012-02-26",584,5,5,43
"2012-02-27",599,17,22,22
"2012-02-28",613,15,32,37
"2012-02-29",605,2,17,34
"2012-03-01",585,6,8,23
"2012-03-02",593,16,22,24
"2012-03-03",597,19,35,41
"2012-03-04",619,23,42,58
"2012-03-05",645,28,51,70
"2012-03-06",633,8,36,59
"2012-03-07",634,10,18,46
"2012-03-08",653,21,31,39
"2012-03-09",673,23,44,54
"2012-03-10",682,10,33,54
"2012-03-11",688,11,21,44
"2012-03-12",719,40,51,61
"2012-03-13",711,6,46,57
"2012-03-14",728,22,28,68
"2012-03-15",757,31,53,59
"2012-03-16",766,10,41,63
"2012-03-17",772,6,16,47
"2012-03-18",766,4,10,20
"2012-03-19",767,9,13,19
"2012-03-20",785,35,44,48
"2012-03-21",781.615384615385,5.61538461538464,40.6153846153846,49.6153846153846
"2012-03-22",785,7.38461538461536,13,48
"2012-03-23",785,4,11.3846153846154,17
"2012-03-24",794,16,20,27.3846153846154
"2012-03-25",805,14,30,34
"2012-03-26",808,10,24,40
"2012-03-27",811,7,17,31
"2012-03-28",817,10,17,27
"2012-03-29",836,25,35,42
"2012-03-30",832,3,28,38
"2012-03-31",844,19,22,47
"2012-04-01",819,0,19,22
"2012-04-02",845,28,28,47
"2012-04-03",865,25,53,53
"2012-04-04",866,7,32,60
"2012-04-05",873,12,19,44
"2012-04-06",866,7,19,26
"2012-04-07",870,12,19,31
"2012-04-08",880,18,30,37
"2012-04-09",890,12,30,42
"2012-04-10",892,9,21,39
"2012-04-11",895,11,20,32
"2012-04-12",877,1,12,21
"2012-04-13",875,10,11,22
"2012-04-14",866,7,17,18
"2012-04-15",863,6,13,23
"2012-04-16",868,12,18,25
"2012-04-17",865,13,25,31
"2012-04-18",863,9,22,34
"2012-04-19",870,19,28,41
"2012-04-20",851,4,23,32
"2012-04-21",862,23,27,46
"2012-04-22",874,16,39,43
"2012-04-23",876,7,23,46
"2012-04-24",872,11,18,34
"2012-04-25",863,4,15,22
"2012-04-26",850,0,4,15
"2012-04-27",830,6,6,10
"2012-04-28",833,9,15,15
"2012-04-29",839,17,26,32
"2012-04-30",832,8,25,34
"2012-05-01",NA,3,11,28
"2012-05-02",NA,15,18,26
"2012-05-03",NA,15,30,33
"2012-05-04",NA,4,19,34
"2012-05-05",NA,5,9,24
"2012-05-06",NA,16,21,25
"2012-05-07",NA,9,25,30
"2012-05-08",NA,5,14,30
"2012-05-09",NA,9,14,23
"2012-05-10",NA,12,21,26
"2012-05-11",NA,20,32,41
"2012-05-12",NA,10,30,42
"2012-05-13",NA,14,24,44
"2012-05-14",NA,18,32,42
"2012-05-15",NA,7,25,39
"2012-05-16",NA,1,8,26
"2012-05-17",NA,18,19,26
"2012-05-18",NA,16,34,35
"2012-05-19",NA,21,37,55
"2012-05-20",NA,9,30,46
"2012-05-21",NA,3,12,33
"2012-05-22",NA,0,3,12
"2012-05-23",NA,8,8,11
"2012-05-24",NA,15,23,23
"2012-05-25",NA,5,20,28
"2012-05-26",NA,14,19,34
"2012-05-27",NA,5,19,24
"2012-05-28",NA,1,6,20
"2012-05-29",NA,2,3,8
"2012-05-30",NA,2,4,5
"2012-05-31",NA,2,4,6
"2012-06-01",NA,0,2,4
"2012-06-02",NA,1,1,3
"2012-06-03",NA,5,6,6
"2012-06-04",NA,4,9,10
"2012-06-05",NA,0,4,9
"2012-06-06",NA,3,3,7
"2012-06-07",NA,2,5,5
"2012-06-08",NA,4,6,9
"2012-06-09",NA,3,7,9
"2012-06-10",NA,3,6,10
"2012-06-11",NA,1,4,7
"2012-06-12",NA,0,1,4
"2012-06-13",NA,1,1,2
"2012-06-14",NA,1,2,2
"2012-06-15",NA,2,3,4
"2012-06-16",NA,1,3,4
"2012-06-17",NA,0,1,3
"2012-06-18",NA,4,4,5
"2012-06-19",NA,7,11,11
"2012-06-20",NA,8,15,19
"2012-06-21",NA,6,14,21
"2012-06-22",NA,8,14,22
"2012-06-23",NA,3,11,17
"2012-06-24",NA,3,6,14
"2012-06-25",NA,8,11,14
"2012-06-26",NA,7,15,18
"2012-06-27",NA,3,10,18
"2012-06-28",NA,3,6,13
"2012-06-29",NA,4,7,10
"2012-06-30",NA,4,8,11
"2012-07-01",NA,6,10,14
"2012-07-02",NA,2,8,12
"2012-07-03",NA,3,5,11
"2012-07-04",NA,5,8,10
"2012-07-05",NA,9,14,17
"2012-07-06",NA,10,19,24
"2012-07-07",NA,8,18,27
"2012-07-08",NA,10,18,28
"2012-07-09",NA,10,20,28
"2012-07-10",NA,7,17,27
"2012-07-11",NA,9,16,26
"2012-07-12",NA,10,19,26
"2012-07-13",NA,9,19,28
"2012-07-14",NA,10,19,29
"2012-07-15",NA,1,11,20
"2012-07-16",NA,7,8,18
"2012-07-17",NA,10,17,18
"2012-07-18",NA,9,19,26
"2012-07-19",NA,9,18,28
"2012-07-20",NA,4,13,22
"2012-07-21",NA,3,7,16
"2012-07-22",NA,3,6,10
"2012-07-23",NA,4,7,10
"2012-07-24",NA,8,12,15
"2012-07-25",NA,11,19,23
"2012-07-26",NA,8,19,27
"2012-07-27",NA,7,15,26
"2012-07-28",NA,7,14,22
"2012-07-29",NA,9,16,23
"2012-07-30",NA,3,12,19
"2012-07-31",NA,8,11,20
"2012-08-01",NA,2,10,13
"2012-08-02",NA,8,10,18
"2012-08-03",NA,11,19,21
"2012-08-04",NA,11,22,30
"2012-08-05",NA,11,22,33
"2012-08-06",NA,10,21,32
"2012-08-07",NA,8,18,29
"2012-08-08",NA,8,16,26
"2012-08-09",NA,8,16,24
"2012-08-10",NA,10,18,26
"2012-08-11",NA,9,19,27
"2012-08-12",NA,9,18,28
"2012-08-13",NA,5,14,23
"2012-08-14",NA,7,12,21
"2012-08-15",NA,8,15,20
"2012-08-16",NA,11,19,26
"2012-08-17",NA,11,22,30
"2012-08-18",NA,10,21,32
"2012-08-19",NA,7,17,28
"2012-08-20",NA,7,14,24
"2012-08-21",NA,8,15,22
"2012-08-22",NA,4,12,19
"2012-08-23",NA,3,7,15
"2012-08-24",NA,7,10,14
"2012-08-25",NA,11,18,21
"2012-08-26",NA,6,17,24
"2012-08-27",NA,5,11,22
"2012-08-28",NA,3,8,14
"2012-08-29",NA,2,5,10
"2012-08-30",NA,4,6,9
"2012-08-31",NA,2,6,8
"2012-09-01",NA,9,11,15
"2012-09-02",NA,7,16,18
"2012-09-03",NA,10,17,26
"2012-09-04",NA,11,21,28
"2012-09-05",NA,8,19,29
"2012-09-06",NA,10,18,29
"2012-09-07",NA,11,21,29
"2012-09-08",NA,8,19,29
"2012-09-09",NA,1,9,20
"2012-09-10",NA,3,4,12
"2012-09-11",NA,6,9,10
"2012-09-12",NA,11,17,20
"2012-09-13",NA,11,22,28
"2012-09-14",NA,7,18,29
"2012-09-15",NA,9,16,27
"2012-09-16",NA,10,19,26
"2012-09-17",NA,13,23,32
"2012-09-18",NA,10,23,33
"2012-09-19",NA,9,19,32
"2012-09-20",NA,11,20,30
"2012-09-21",NA,10,21,30
"2012-09-22",NA,7,17,28
"2012-09-23",NA,10,17,27
"2012-09-24",NA,1,11,18
"2012-09-25",NA,7,8,18
"2012-09-26",NA,8,15,16
"2012-09-27",NA,5,13,20
"2012-09-28",NA,0,5,13
"2012-09-29",NA,4,4,9
"2012-09-30",NA,4,8,8
"2012-10-01",NA,5,9,13
"2012-10-02",NA,5,10,14
"2012-10-03",NA,7,12,17
"2012-10-04",NA,9,16,21
"2012-10-05",NA,10,19,26
"2012-10-06",NA,10,20,29
"2012-10-07",NA,10,20,30
"2012-10-08",NA,9,19,29
"2012-10-09",NA,10,19,29
"2012-10-10",NA,8,18,27
"2012-10-11",NA,8,16,26
"2012-10-12",NA,2,10,18
"2012-10-13",NA,4,6,14
"2012-10-14",NA,3,7,9
"2012-10-15",NA,3,6,10
"2012-10-16",NA,4,7,10
"2012-10-17",NA,4,8,11
"2012-10-18",NA,4,8,12
"2012-10-19",NA,4,8,12
"2012-10-20",NA,4,8,12
"2012-10-21",NA,3,7,11
"2012-10-22",NA,4,7,11
"2012-10-23",NA,3,7,10
"2012-10-24",NA,1,4,8
"2012-10-25",NA,5,6,9
"2012-10-26",NA,3,8,9
"2012-10-27",NA,2,5,10
"2012-10-28",NA,3,5,8
"2012-10-29",NA,0,3,5
"2012-10-30",NA,2,2,5
"2012-10-31",NA,4,6,6
"2012-11-01",2,9,13,15
"2012-11-02",3,2,11,15
"2012-11-03",-5,0,2,11
"2012-11-04",-12,0,0,2
"2012-11-05",-13,2,2,2
"2012-11-06",-13,1,3,3
"2012-11-07",-13,3,4,6
"2012-11-08",-13,4,7,8
"2012-11-09",-12,2,6,9
"2012-11-10",-14,0,2,6
"2012-11-11",-9,6,6,8
"2012-11-12",-6,3,9,9
"2012-11-13",-2,4,7,13
"2012-11-14",-3,3,7,10
"2012-11-15",-1,3,6,10
"2012-11-16",-2,3,6,9
"2012-11-17",31,33,36,39
"2012-11-19",52,21,54,57
"2012-11-20",59,8,29,62
"2012-11-21",65,8,16,37
"2012-11-22",67,2,10,18
"2012-11-23",82,15,17,25
"2012-11-24",81,0,15,17
"2012-11-25",77,0,0,15
"2012-11-26",78,1,1,1
"2012-11-27",81,3,4,4
"2012-11-28",84,3,6,7
"2012-11-29",91,7,10,13
"2012-11-30",95,4,11,14
"2012-12-01",103,8,12,19
"2012-12-02",115,12,20,24
"2012-12-03",122,7,19,27
"2012-12-04",151,29,36,48
"2012-12-05",158,8,37,44
"2012-12-06",163,5,13,42
"2012-12-07",170,9,14,22
"2012-12-08",166,0,9,14
"2012-12-09",173,7,7,16
"2012-12-10",173,3,10,10
"2012-12-11",177,7,10,17
"2012-12-12",173,0,7,10
"2012-12-13",177,6,6,13
"2012-12-14",172,0,6,6
"2012-12-15",184,12,12,18
"2012-12-16",185,2,14,14
"2012-12-17",188,4,6,18
"2012-12-18",185,3,7,9
"2012-12-19",198,13,16,20
"2012-12-20",207,9,22,25
"2012-12-21",215,8,17,30
"2012-12-22",218,3,11,20
"2012-12-23",219,2,5,13
"2012-12-24",216,1,3,6
"2012-12-25",223,7,8,10
"2012-12-26",223,1,8,9
"2012-12-27",222,2,3,10
"2012-12-28",226,5,7,8
"2012-12-29",224,0,5,7
"2012-12-30",223,3,3,8
"2012-12-31",224,4,7,7
"2013-01-01",221,3,7,10
"2013-01-02",227,6,9,13
"2013-01-03",227,4,10,13
"2013-01-04",225,1,5,11
"2013-01-05",233,9,10,14
"2013-01-06",242,9,18,19
"2013-01-07",249,10,19,28
"2013-01-08",255,12,22,31
"2013-01-09",265,15,27,37
"2013-01-10",258,0,15,27
"2013-01-11",255,1,1,16
"2013-01-12",255,2,3,3
"2013-01-13",259,6,8,9
"2013-01-14",262,4,10,12
"2013-01-15",259,2,6,12
"2013-01-16",264,7,9,13
"2013-01-17",268,8,15,17
"2013-01-18",266,6,14,21
"2013-01-19",266,4,10,18
"2013-01-20",266,3,7,13
"2013-01-21",267,5,8,12
"2013-01-22",272,6,11,14
"2013-01-23",272,4,10,15
"2013-01-24",268,5,9,15
"2013-01-25",274,8,13,17
"2013-01-26",274,1,9,14
"2013-01-27",275,2,3,11
"2013-01-28",276,4,6,7
"2013-01-29",280,6,10,12
"2013-01-30",279,3,9,13
"2013-01-31",283,6,9,15
"2013-02-01",281,3,9,12
"2013-02-02",286,7,10,16
"2013-02-03",285,6,13,16
"2013-02-04",285,5,11,18
"2013-02-05",293,9,14,20
"2013-02-06",297,5,14,19
"2013-02-07",295,3,8,17
"2013-02-08",295,3,6,11
"2013-02-09",294,1,4,7
"2013-02-10",295,5,6,9
"2013-02-11",295,5,10,11
"2013-02-12",299,9,14,19
"2013-02-13",296,6,15,20
"2013-02-14",298,5,11,20
"2013-02-15",306,9,14,20
"2013-02-16",306,6,15,20
"2013-02-17",306,5,11,20
"2013-02-18",308,5,10,16
"2013-02-19",303,6,11,16
"2013-02-20",302,6,12,17
"2013-02-21",303,6,12,18
"2013-02-22",319,19,25,31
"2013-02-23",305,2,21,27
"2013-02-24",321,18,20,39
"2013-02-25",324,10,28,30
"2013-02-26",329,8,18,36
"2013-02-27",330,4,12,22
"2013-02-28",340,13,17,25
"2013-03-01",362,22,35,39
"2013-03-02",372,10,32,45
"2013-03-03",368,3,13,35
"2013-03-04",372,7,10,20
"2013-03-05",374,2,9,12
"2013-03-06",377,3,5,12
"2013-03-07",374,3,6,8
"2013-03-08",373,5,8,11
"2013-03-09",372,4,9,12
"2013-03-10",376,7,11,16
"2013-03-11",374,7,14,18
"2013-03-12",387,14,21,28
"2013-03-13",390,11,25,32
"2013-03-14",394,7,18,32
"2013-03-15",395,7,14,25
"2013-03-16",412,17,24,31
"2013-03-17",412,4,21,28
"2013-03-18",411,3,7,24
"2013-03-19",422,13,16,20
"2013-03-20",432,15,28,31
"2013-03-21",422,3,18,31
"2013-03-22",422,7,10,25
"2013-03-23",426,9,16,19
"2013-03-24",430,5,14,21
"2013-03-25",432,4,9,18
"2013-03-26",428,1,5,10
"2013-03-27",430,7,8,12
"2013-03-28",428,6,13,14
"2013-03-29",424,2,8,15
"2013-03-30",428,8,10,16
"2013-03-31",433,10,18,20
"2013-04-01",428,5,15,23
"2013-04-02",425,3,8,18
"2013-04-03",428,9,12,17
"2013-04-04",438,10,19,22
"2013-04-05",423,1,11,20
"2013-04-06",414,1,2,12
"2013-04-07",415,4,5,6
"2013-04-08",415,5,9,10
"2013-04-09",418,7,12,16
"2013-04-10",431,15,22,27
"2013-04-11",433,8,23,30
"2013-04-12",449,18,26,41
"2013-04-13",437,3,21,29
"2013-04-14",444,8,11,29
"2013-04-15",450,7,15,18
"2013-04-16",452,7,14,22
"2013-04-17",456,7,14,21
"2013-04-18",466,12,19,26
"2013-04-19",459,2,14,21
"2013-04-20",443,2,4,16
"2013-04-21",447,8,10,12
"2013-04-22",450,12,20,22
"2013-04-23",455,16,28,36
"2013-04-24",465,25,41,53
"2013-04-25",452,3,28,44
"2013-04-26",421,1,4,29
"2013-04-27",428,16,17,20
"2013-04-28",430,10,26,27
"2013-04-29",428,8,18,34
"2013-04-30",422,10,18,28
"2013-05-01",NA,22,32,40
"2013-05-02",NA,9,31,41
"2013-05-03",NA,11,20,42
"2013-05-04",NA,12,23,32
"2013-05-05",NA,9,21,32
"2013-05-06",NA,6,15,27
"2013-05-07",NA,7,13,22
"2013-05-08",NA,7,14,20
"2013-05-09",NA,7,14,21
"2013-05-10",NA,7,14,21
"2013-05-11",NA,0,7,14
"2013-05-12",NA,0,0,7
"2013-05-13",NA,2,2,2
"2013-05-14",NA,1,3,3
"2013-05-15",NA,0,1,3
"2013-05-16",NA,7,7,8
"2013-05-17",NA,1,8,8
"2013-05-18",NA,0,1,8
"2013-05-19",NA,4,4,5
"2013-05-20",NA,1,5,5
"2013-05-21",NA,1,2,6
"2013-05-22",NA,0,1,2
"2013-05-23",NA,0,0,1
"2013-05-24",NA,2,2,2
"2013-05-25",NA,1,3,3
"2013-05-26",NA,1,2,4
"2013-05-27",NA,6,7,8
"2013-05-28",NA,4,10,11
"2013-05-29",NA,5,9,15
"2013-05-30",NA,6,11,15
"2013-05-31",NA,6,12,17
"2013-06-01",NA,7,13,19
"2013-06-02",NA,6,13,19
"2013-06-03",NA,9,15,22
"2013-06-04",NA,9,18,24
"2013-06-05",NA,6,15,24
"2013-06-06",NA,8,14,23
"2013-06-07",NA,3,11,17
"2013-06-08",NA,2,5,13
"2013-06-09",NA,6,8,11
"2013-06-10",NA,5,11,13
"2013-06-11",NA,3,8,14
"2013-06-12",NA,7,10,15
"2013-06-13",NA,8,15,18
"2013-06-14",NA,9,17,24
"2013-06-15",NA,10,19,27
"2013-06-16",NA,8,18,27
"2013-06-17",NA,4,12,22
"2013-06-18",NA,9,13,21
"2013-06-19",NA,3,12,16
"2013-06-20",NA,1,4,13
"2013-06-21",NA,7,8,11
"2013-06-22",NA,6,13,14
"2013-06-23",NA,9,15,22
"2013-06-24",NA,5,14,20
"2013-06-25",NA,7,12,21
"2013-06-26",NA,4,11,16
"2013-06-27",NA,3,7,14
"2013-06-28",NA,5,8,12
"2013-06-29",NA,7,12,15
"2013-06-30",NA,11,18,23
"2013-07-01",NA,12,23,30
"2013-07-02",NA,7,19,30
"2013-07-03",NA,10,17,29
"2013-07-04",NA,9,19,26
"2013-07-05",NA,10,19,29
"2013-07-06",NA,11,21,30
"2013-07-07",NA,10,21,31
"2013-07-08",NA,11,21,32
"2013-07-09",NA,9,20,30
"2013-07-10",NA,6,15,26
"2013-07-11",NA,5,11,20
"2013-07-12",NA,8,13,19
"2013-07-13",NA,10,18,23
"2013-07-14",NA,4,14,22
"2013-07-15",NA,9,13,23
"2013-07-16",NA,11,20,24
"2013-07-17",NA,4,15,24
"2013-07-18",NA,8,12,23
"2013-07-19",NA,11,19,23
"2013-07-20",NA,10,21,29
"2013-07-21",NA,9,19,30
"2013-07-22",NA,8,17,27
"2013-07-23",NA,11,19,28
"2013-07-24",NA,11,22,30
"2013-07-25",NA,11,22,33
"2013-07-26",NA,9,20,31
"2013-07-27",NA,9,18,29
"2013-07-28",NA,5,14,23
"2013-07-29",NA,9,14,23
"2013-07-30",NA,10,19,24
"2013-07-31",NA,11,21,30
"2013-08-01",NA,8,19,29
"2013-08-02",NA,8,16,27
"2013-08-03",NA,9,17,25
"2013-08-04",NA,11,20,28
"2013-08-05",NA,12,23,32
"2013-08-06",NA,10,22,33
"2013-08-07",NA,9,19,31
"2013-08-08",NA,25,34,44
"2013-08-09",NA,10,35,44
"2013-08-10",NA,10,20,45
"2013-08-11",NA,9,19,29
"2013-08-12",NA,6,15,25
"2013-08-13",NA,7,13,22
"2013-08-14",NA,5,12,18
"2013-08-15",NA,5,10,17
"2013-08-16",NA,0,5,10
"2013-08-17",NA,5,5,10
"2013-08-18",NA,0,5,5
"2013-08-19",NA,6,6,11
"2013-08-20",NA,7,13,13
"2013-08-21",NA,10,17,23
"2013-08-22",NA,8,18,25
"2013-08-23",NA,8,16,26
"2013-08-24",NA,3,11,19
"2013-08-25",NA,5,8,16
"2013-08-26",NA,6,11,14
"2013-08-27",NA,1,7,12
"2013-08-28",NA,6,7,13
"2013-08-29",NA,4,10,11
"2013-08-30",NA,4,8,14
"2013-08-31",NA,8,12,16
"2013-09-01",NA,9,17,21
"2013-09-02",NA,7,16,24
"2013-09-03",NA,3,10,19
"2013-09-04",NA,8,11,18
"2013-09-05",NA,10,18,21
"2013-09-06",NA,7,17,25
"2013-09-07",NA,3,10,20
"2013-09-08",NA,10,13,20
"2013-09-09",NA,9,19,22
"2013-09-10",NA,10,19,29
"2013-09-11",NA,12,22,31
"2013-09-12",NA,10,22,32
"2013-09-13",NA,11,21,33
"2013-09-14",NA,11,22,32
"2013-09-15",NA,9,20,31
"2013-09-16",NA,2,11,22
"2013-09-17",NA,7,9,18
"2013-09-18",NA,6,13,15
"2013-09-19",NA,5,11,18
"2013-09-20",NA,3,8,14
"2013-09-21",NA,2,5,10
"2013-09-22",NA,3,5,8
"2013-09-23",NA,4,7,9
"2013-09-24",NA,2,6,9
"2013-09-25",NA,2,4,8
"2013-09-26",NA,8,10,12
"2013-09-27",NA,4,12,14
"2013-09-28",NA,1,5,13
"2013-09-29",NA,9,10,14
"2013-09-30",NA,6,15,16
"2013-10-01",NA,5,11,20
"2013-10-02",NA,3,8,14
"2013-10-03",NA,6,9,14
"2013-10-04",NA,1,7,10
"2013-10-05",NA,3,4,10
"2013-10-06",NA,5,8,9
"2013-10-07",NA,2,7,10
"2013-10-08",NA,1,3,8
"2013-10-09",NA,4,5,7
"2013-10-10",NA,6,10,11
"2013-10-11",NA,8,14,18
"2013-10-12",NA,2,10,16
"2013-10-13",NA,7,9,17
"2013-10-14",NA,10,17,19
"2013-10-15",NA,1,11,18
"2013-10-16",NA,4,5,15
"2013-10-17",NA,8,12,13
"2013-10-18",NA,11,19,23
"2013-10-19",NA,8,19,27
"2013-10-20",NA,9,17,28
"2013-10-21",NA,9,18,26
"2013-10-22",NA,10,19,28
"2013-10-23",NA,9,19,28
"2013-10-24",NA,8,17,27
"2013-10-25",NA,8,16,25
"2013-10-26",NA,12,20,28
"2013-10-27",NA,4,16,24
"2013-10-28",NA,2,6,18
"2013-10-29",NA,9,11,15
"2013-10-30",NA,4,13,15
"2013-10-31",NA,3,7,16
"2013-11-01",2,2,5,9
"2013-11-02",10,9,11,14
"2013-11-03",10,2,11,13
"2013-11-04",10,4,6,15
"2013-11-05",12,2,6,8
"2013-11-06",12,2,4,8
"2013-11-07",25,13,15,17
"2013-11-08",28,3,16,18
"2013-11-09",29,1,4,17
"2013-11-10",29,0,1,4
"2013-11-11",32,6,6,7
"2013-11-12",33,4,10,10
"2013-11-13",32,1,5,11
"2013-11-14",28,2,3,7
"2013-11-15",32,10,12,13
"2013-11-16",31,2,12,14
"2013-11-17",37,7,9,19
"2013-11-18",40,4,11,13
"2013-11-19",41,1,5,12
"2013-11-20",39,2,3,7
"2013-11-21",42,4,6,7
"2013-11-22",44,3,7,9
"2013-11-23",51,7,10,14
"2013-11-24",50,2,9,12
"2013-11-25",52,4,6,13
"2013-11-26",50,4,8,10
"2013-11-27",52,3,7,11
"2013-11-28",46,1,4,8
"2013-11-29",43,0,1,4
"2013-11-30",43,1,1,2
"2013-12-01",49,7,8,8
"2013-12-02",48,4,11,12
"2013-12-03",48,1,5,12
"2013-12-04",46,0,1,5
"2013-12-05",48,3,3,4
"2013-12-06",48,0,3,3
"2013-12-07",44,0,0,3
"2013-12-08",46,2,2,2
"2013-12-09",50,4,6,6
"2013-12-10",51,2,6,8
"2013-12-11",58,7,9,13
"2013-12-12",64,6,13,15
"2013-12-13",65,1,7,14
"2013-12-14",71,8,9,15
"2013-12-15",78,9,17,18
"2013-12-16",76,4,13,21
"2013-12-17",79,6,10,19
"2013-12-18",77,4,10,14
"2013-12-19",77,5,9,15
"2013-12-20",84,8,13,17
"2013-12-21",81,3,11,16
"2013-12-22",84,3,6,14
"2013-12-23",91,7,10,13
"2013-12-24",89,2,9,12
"2013-12-25",95,8,10,17
"2013-12-26",95,2,10,12
"2013-12-27",98,5,7,15
"2013-12-28",96,2,7,9
"2013-12-29",100,4,6,11
"2013-12-30",102,3,7,9
"2013-12-31",99,1,4,8
"2014-01-01",101,4,5,8
"2014-01-02",106,6,10,11
"2014-01-03",103,1,7,11
"2014-01-04",99,0,1,7
"2014-01-05",98,0,0,1
"2014-01-06",101,3,3,3
"2014-01-07",106,5,8,8
"2014-01-08",110,4,9,12
"2014-01-09",112,4,8,13
"2014-01-10",112,3,7,11
"2014-01-11",157,46,49,53
"2014-01-12",159,6,52,55
"2014-01-13",165,10,16,62
"2014-01-14",166,4,14,20
"2014-01-15",165,4,8,18
"2014-01-16",168,4,8,12
"2014-01-17",168,3,7,11
"2014-01-18",169,5,8,12
"2014-01-19",164,1,6,9
"2014-01-20",168,7,8,13
"2014-01-21",167,2,9,10
"2014-01-22",162,2,4,11
"2014-01-23",164,4,6,8
"2014-01-24",164,3,7,9
"2014-01-25",166,3,6,10
"2014-01-26",165,2,5,8
"2014-01-27",165,3,5,8
"2014-01-28",167,5,8,10
"2014-01-29",168,2,7,10
"2014-01-30",164,0,2,7
"2014-01-31",161,2,2,4
"2014-02-01",165,6,8,8
"2014-02-02",160,1,7,9
"2014-02-03",158,1,2,8
"2014-02-04",156,1,2,3
"2014-02-05",158,5,6,7
"2014-02-06",166,8,13,14
"2014-02-07",158,3,11,16
"2014-02-08",152,7,10,18
"2014-02-09",151,7,14,17
"2014-02-10",158,12,19,26
"2014-02-11",168,14,26,33
"2014-02-12",188,25,39,51
"2014-02-13",199,14,39,53
"2014-02-14",212,20,34,59
"2014-02-15",224,16,36,50
"2014-02-16",233,19,35,55
"2014-02-17",242,11,30,46
"2014-02-18",257,16,27,46
"2014-02-19",253,4,20,31
"2014-02-20",259,10,14,30
"2014-02-21",257,8,18,22
"2014-02-22",262,7,15,25
"2014-02-23",262,2,9,17
"2014-02-24",262,3,5,12
"2014-02-25",266,6,9,11
"2014-02-26",277,12,18,21
"2014-02-27",277,2,14,20
"2014-02-28",273,5,7,19
"2014-03-01",267,5,10,12
"2014-03-02",274,7,12,17
"2014-03-03",278,5,12,17
"2014-03-04",280,7,12,19
"2014-03-05",285,10,17,22
"2014-03-06",288,5,15,22
"2014-03-07",289,5,10,20
"2014-03-08",311,22,27,32
"2014-03-09",314,6,28,33
"2014-03-10",314,6,12,34
"2014-03-11",313,6,12,18
"2014-03-12",323,15,21,27
"2014-03-13",324,9,24,30
"2014-03-14",327,7,16,31
"2014-03-15",345,22,29,38
"2014-03-16",367,22,44,51
"2014-03-17",363,6,28,50
"2014-03-18",368,8,14,36
"2014-03-19",375,7,15,21
"2014-03-20",370,3,10,18
"2014-03-21",371,7,10,17
"2014-03-22",377,7,14,17
"2014-03-23",376,8,15,22
"2014-03-24",382,8,16,23
"2014-03-25",398,16,24,32
"2014-03-26",392,1,17,25
"2014-03-27",391,2,3,19
"2014-03-28",399,10,12,13
"2014-03-29",404,6,16,18
"2014-03-30",405,4,10,20
"2014-03-31",407,8,12,18
"2014-04-01",409,10,18,22
"2014-04-02",407,5,15,23
"2014-04-03",413,7,12,22
"2014-04-04",415,2,9,14
"2014-04-05",415,2,4,11
"2014-04-06",412,5,7,9
"2014-04-07",411,4,9,11
"2014-04-08",400,4,8,13
"2014-04-09",404,10,14,18
"2014-04-10",407,8,18,22
"2014-04-11",409,9,17,27
"2014-04-12",409,8,17,25
"2014-04-13",408,20,28,37
"2014-04-14",414,26,46,54
"2014-04-15",412,5,31,51
"2014-04-16",414,7,12,38
"2014-04-17",410,3,10,15
"2014-04-18",417,14,17,24
"2014-04-19",422,12,26,29
"2014-04-20",417,8,20,34
"2014-04-21",423,9,17,29
"2014-04-22",421,5,14,22
"2014-04-23",424,14,19,28
"2014-04-24",426,5,19,24
"2014-04-25",428,7,12,26
"2014-04-26",428,19,26,31
"2014-04-27",425,6,25,32
"2014-04-28",419,9,15,34
"2014-04-29",419,10,19,25
"2014-04-30",413,6,16,25
"2014-05-01",NA,8,14,24
"2014-05-02",NA,5,13,19
"2014-05-03",NA,7,12,20
"2014-05-04",NA,5,12,17
"2014-05-05",NA,8,13,20
"2014-05-06",NA,13,21,26
"2014-05-07",NA,10,23,31
"2014-05-08",NA,9,19,32
"2014-05-09",NA,0,9,19
"2014-05-10",NA,3,3,12
"2014-05-11",NA,9,12,12
"2014-05-12",NA,2,11,14
"2014-05-13",NA,0,2,11
"2014-05-14",NA,3,3,5
"2014-05-15",NA,5,8,8
"2014-05-16",NA,4,9,12
"2014-05-17",NA,0,4,9
"2014-05-18",NA,2,2,6
"2014-05-19",NA,1,3,3
"2014-05-20",NA,2,3,5
"2014-05-21",NA,0,2,3
"2014-05-22",NA,0,0,2
"2014-05-23",NA,0,0,0
"2014-05-24",NA,2,2,2
"2014-05-25",NA,2,4,4
"2014-05-26",NA,4,6,8
"2014-05-27",NA,7,11,13
"2014-05-28",NA,4,11,15
"2014-05-29",NA,8,12,19
"2014-05-30",NA,8,16,20
"2014-05-31",NA,10,18,26
"2014-06-01",NA,9,19,27
"2014-06-02",NA,11,20,30
"2014-06-03",NA,9,20,29
"2014-06-04",NA,7,16,27
"2014-06-05",NA,10,17,26
"2014-06-06",NA,10,20,27
"2014-06-07",NA,8,18,28
"2014-06-08",NA,3,11,21
"2014-06-09",NA,8,11,19
"2014-06-10",NA,8,16,19
"2014-06-11",NA,8,16,24
"2014-06-12",NA,9,17,25
"2014-06-13",NA,7,16,24
"2014-06-14",NA,5,12,21
"2014-06-15",NA,7,12,19
"2014-06-16",NA,4,11,16
"2014-06-17",NA,8,12,19
"2014-06-18",NA,6,14,18
"2014-06-19",NA,4,10,18
"2014-06-20",NA,6,10,16
"2014-06-21",NA,6,12,16
"2014-06-22",NA,8,14,20
"2014-06-23",NA,8,16,22
"2014-06-24",NA,6,14,22
"2014-06-25",NA,9,15,23
"2014-06-26",NA,9,18,24
"2014-06-27",NA,6,15,24
"2014-06-28",NA,4,10,19
"2014-06-29",NA,6,10,16
"2014-06-30",NA,10,16,20
"2014-07-01",NA,10,20,26
"2014-07-02",NA,8,18,28
"2014-07-03",NA,6,14,24
"2014-07-04",NA,3,9,17
"2014-07-05",NA,1,4,10
"2014-07-06",NA,5,6,9
"2014-07-07",NA,9,14,15
"2014-07-08",NA,9,18,23
"2014-07-09",NA,8,17,26
"2014-07-10",NA,10,18,27
"2014-07-11",NA,11,21,29
"2014-07-12",NA,13,24,34
"2014-07-13",NA,12,25,36
"2014-07-14",NA,10,22,35
"2014-07-15",NA,12,22,34
"2014-07-16",NA,11,23,33
"2014-07-17",NA,10,21,33
"2014-07-18",NA,5,15,26
"2014-07-19",NA,4,9,19
"2014-07-20",NA,4,8,13
"2014-07-21",NA,5,9,13
"2014-07-22",NA,5,10,14
"2014-07-23",NA,3,8,13
"2014-07-24",NA,5,8,13
"2014-07-25",NA,4,9,12
"2014-07-26",NA,4,8,13
"2014-07-27",NA,9,13,17
"2014-07-28",NA,11,20,24
"2014-07-29",NA,9,20,29
"2014-07-30",NA,9,18,29
"2014-07-31",NA,10,19,28
"2014-08-01",NA,12,22,31
"2014-08-02",NA,11,23,33
"2014-08-03",NA,11,22,34
"2014-08-04",NA,12,23,34
"2014-08-05",NA,11,23,34
"2014-08-06",NA,8,19,31
"2014-08-07",NA,9,17,28
"2014-08-08",NA,8,17,25
"2014-08-09",NA,9,17,26
"2014-08-10",NA,11,20,28
"2014-08-11",NA,12,23,32
"2014-08-12",NA,7,19,30
"2014-08-13",NA,8,15,27
"2014-08-14",NA,10,18,25
"2014-08-15",NA,5,15,23
"2014-08-16",NA,7,12,22
"2014-08-17",NA,9,16,21
"2014-08-18",NA,7,16,23
"2014-08-19",NA,9,16,25
"2014-08-20",NA,8,17,24
"2014-08-21",NA,7,15,24
"2014-08-22",NA,6,13,21
"2014-08-23",NA,8,14,21
"2014-08-24",NA,7,15,21
"2014-08-25",NA,5,12,20
"2014-08-26",NA,9,14,21
"2014-08-27",NA,3,12,17
"2014-08-28",NA,7,10,19
"2014-08-29",NA,1,8,11
"2014-08-30",NA,2,3,10
"2014-08-31",NA,2,4,5
"2014-09-01",NA,2,4,6
"2014-09-02",NA,3,5,7
"2014-09-03",NA,6,9,11
"2014-09-04",NA,8,14,17
"2014-09-05",NA,8,16,22
"2014-09-06",NA,11,19,27
"2014-09-07",NA,9,20,28
"2014-09-08",NA,3,12,23
"2014-09-09",NA,6,9,18
"2014-09-10",NA,6,12,15
"2014-09-11",NA,10,16,22
"2014-09-12",NA,8,18,24
"2014-09-13",NA,9,17,27
"2014-09-14",NA,11,20,28
"2014-09-15",NA,10,21,30
"2014-09-16",NA,10,20,31
"2014-09-17",NA,7,17,27
"2014-09-18",NA,2,9,19
"2014-09-19",NA,5,7,14
"2014-09-20",NA,10,15,17
"2014-09-21",NA,10,20,25
"2014-09-22",NA,2,12,22
"2014-09-23",NA,2.5,4.5,14.5
"2014-09-24",NA,3,5.5,7.5
"2014-09-25",NA,4,7,9.5
"2014-09-27",NA,8,12,15
"2014-09-28",NA,9,17,21
"2014-09-29",NA,1,10,18
"2014-09-30",NA,4,5,14
"2014-10-01",NA,1,5,6
"2014-10-02",NA,5,6,10
"2014-10-03",NA,2,7,8
"2014-10-04",NA,6,8,13
"2014-10-05",NA,4,10,12
"2014-10-06",NA,4,8,14
"2014-10-07",NA,4,8,12
"2014-10-08",NA,6,10,14
"2014-10-09",NA,2,8,12
"2014-10-10",NA,4,6,12
"2014-10-11",NA,2,6,8
"2014-10-12",NA,1,3,7
"2014-10-13",NA,1,2,4
"2014-10-14",NA,2,3,4
"2014-10-15",NA,3,5,6
"2014-10-16",NA,2,5,7
"2014-10-17",NA,0,2,5
"2014-10-18",NA,1,1,3
"2014-10-19",NA,1,2,2
"2014-10-20",NA,0,1,2
"2014-10-21",NA,1,1,2
"2014-10-22",NA,17,18,18
"2014-10-23",NA,1,18,19
"2014-10-24",NA,2,3,20
"2014-10-25",NA,19,21,22
"2014-10-26",NA,9,28,30
"2014-10-27",NA,3,12,31
"2014-10-28",NA,7,10,19
"2014-10-29",NA,0,7,10
"2014-10-30",NA,3,3,10
"2014-10-31",NA,1,4,4
"2014-11-01",19,1,2,5
"2014-11-02",19,5,6,7
"2014-11-03",14,1,6,7
"2014-11-04",3,0,1,6
"2014-11-05",5,5,5,6
"2014-11-06",-5,0,5,5
"2014-11-07",-7,1,1,6
"2014-11-08",-6,3,4,4
"2014-11-09",-2,5,8,9
"2014-11-10",-4,2,7,10
"2014-11-11",-7,1,3,8
"2014-11-12",-17,0,1,3
"2014-11-13",-17,0,0,1
"2014-11-14",-15,3,3,3
"2014-11-15",-12,3,6,6
"2014-11-16",-7,5,8,11
"2014-11-17",-2,5,10,13
"2014-11-18",4,6,11,16
"2014-11-19",7,3,9,14
"2014-11-20",7,1,4,10
"2014-11-21",9.66666666666667,3.66666666666667,4.66666666666667,7.66666666666667
"2014-11-22",13,3.33333333333333,7,8
"2014-11-23",19,6,9.33333333333333,13
"2014-11-24",26,8,14,17.3333333333333
"2014-11-25",30,5,13,19
"2014-11-26",56,26,31,39
"2014-11-27",82,28,54,59
"2014-11-28",112,30,58,84
"2014-11-29",106,0,30,58
"2014-11-30",110,4,4,34
"2014-12-01",112,3,7,7
"2014-12-02",111,1,4,8
"2014-12-03",113,2,3,6
"2014-12-04",114,2,4,5
"2014-12-05",118,4,6,8
"2014-12-06",125,8,12,14
"2014-12-07",127,3,11,15
"2014-12-08",127,3,6,14
"2014-12-09",130,5,8,11
"2014-12-10",151,21,26,29
"2014-12-11",160,10,31,36
"2014-12-12",162,2,12,33
"2014-12-13",161,1,3,13
"2014-12-14",162,1,2,4
"2014-12-15",170,8,9,10
"2014-12-16",167,1,9,10
"2014-12-17",167,1,2,10
"2014-12-18",175,8,9,10
"2014-12-19",182,7,15,16
"2014-12-20",195,13,20,28
"2014-12-21",195,4,17,24
"2014-12-22",193,3,7,20
"2014-12-23",205,12,15,19
"2014-12-24",205,3,15,18
"2014-12-25",203,1,4,16
"2014-12-26",209,7,8,11
"2014-12-27",214,5,12,13
"2014-12-28",210,0,5,12
"2014-12-29",204,1,1,6
"2014-12-30",212,9,10,10
"2014-12-31",215,5,14,15
"2015-01-01",220,5,10,19
"2015-01-02",220,9,14,19
"2015-01-03",218,2,11,16
"2015-01-04",248,30,32,41
"2015-01-05",253,19,49,51
"2015-01-06",255,8,27,57
"2015-01-07",250,4,12,31
"2015-01-08",254,6,10,18
"2015-01-09",265,11,17,21
"2015-01-10",262,0,11,17
"2015-01-11",262,3,3,14
"2015-01-12",253,1,4,4
"2015-01-13",256,5,6,9
"2015-01-14",256,5,10,11
"2015-01-15",265,11,16,21
"2015-01-16",260,5,16,21
"2015-01-17",271,11,16,27
"2015-01-18",280,14,25,30
"2015-01-19",280,4,18,29
"2015-01-20",284,6,10,24
"2015-01-21",294,10,16,20
"2015-01-22",293,5,15,21
"2015-01-23",289,8,13,23
"2015-01-24",282,5,13,18
"2015-01-25",258,0,5,13
"2015-01-26",250,1,1,6
"2015-01-27",238,0,1,1
"2015-01-28",238,4,4,5
"2015-01-29",248,10,14,14
"2015-01-30",248,7,17,21
"2015-01-31",254,9,16,26
"2015-02-01",267,15,24,31
"2015-02-02",267,5,20,29
"2015-02-03",261,1,6,21
"2015-02-04",268,8,9,14
"2015-02-05",272,10,18,19
"2015-02-06",275,6,16,24
"2015-02-07",282,13,19,29
"2015-02-08",285,6,19,25
"2015-02-09",291,7,13,26
"2015-02-10",290,3,10,16
"2015-02-11",293,7,10,17
"2015-02-12",295,7,14,17
"2015-02-13",288,2,9,16
"2015-02-14",282,17,19,26
"2015-02-15",285,11,28,30
"2015-02-16",292,22,33,50
"2015-02-17",294,12,34,45
"2015-02-18",270,7,19,41
"2015-02-19",265,5,12,24
"2015-02-20",295,36,41,48
"2015-02-21",269,5,41,46
"2015-02-22",276,16,21,57
"2015-02-23",252,2,18,23
"2015-02-24",261,21,23,39
"2015-02-25",260,15,36,38
"2015-02-26",261,10,25,46
"2015-02-27",251,1,11,26
"2015-02-28",267,19,20,30
"2015-03-01",268,5,24,25
"2015-03-02",254,3,8,27
"2015-03-03",268,16,19,24
"2015-03-04",264,4,20,23
"2015-03-05",244,3,7,23
"2015-03-06",239,10,13,17
"2015-03-07",267,29,39,42
"2015-03-08",276,13,42,52
"2015-03-09",262,6,19,48
"2015-03-10",279,21,27,40
"2015-03-11",275,5,26,32
"2015-03-12",269,5,10,31
"2015-03-13",275,12,17,22
"2015-03-14",268,7,19,24
"2015-03-15",261,3,10,22
"2015-03-16",263,5,8,15
"2015-03-17",258,5,10,13
"2015-03-18",249,2,7,12
"2015-03-19",275,26,28,33
"2015-03-20",288,14,40,42
"2015-03-21",297,9,23,49
"2015-03-22",301,9,18,32
"2015-03-23",302,2,11,20
"2015-03-24",293,1,3,12
"2015-03-25",293,7,8,10
"2015-03-26",299,10,17,18
"2015-03-27",280,0,10,17
"2015-03-28",264,4,4,14
"2015-03-29",284,20,24,24
"2015-03-30",293,11,31,35
"2015-03-31",292,2,13,33
"2015-04-01",292,5,7,18
"2015-04-02",287,3,8,10
"2015-04-03",292,6,9,14
"2015-04-04",289,6,12,15
"2015-04-05",289,5,11,17
"2015-04-06",275,1,6,12
"2015-04-07",266,4,5,10
"2015-04-08",262,3,7,8
"2015-04-09",261,9,12,16
"2015-04-10",263,9,18,21
"2015-04-11",272,14,23,32
"2015-04-12",272,9,23,32
"2015-04-13",293,23,32,46
"2015-04-14",279,2,25,34
"2015-04-15",279,8,10,33
"2015-04-16",283,9,17,19
"2015-04-17",283,9,18,26
"2015-04-18",285,6,15,24
"2015-04-19",293,10,16,25
"2015-04-20",300,14,24,30
"2015-04-21",287,3,17,27
"2015-04-22",287,10,13,27
"2015-04-23",292,7,17,20
"2015-04-24",287,2,9,19
"2015-04-25",282,4,6,13
"2015-04-26",277,5,9,11
"2015-04-27",268,5,10,14
"2015-04-28",230,0,5,10
"2015-04-29",218,3,3,8
"2015-04-30",211,4,7,7
"2015-05-01",NA,4,8,11
"2015-05-02",NA,7,11,15
"2015-05-03",NA,13,20,24
"2015-05-04",NA,3,16,23
"2015-05-05",NA,5,8,21
"2015-05-06",NA,4,9,12
"2015-05-07",NA,11,15,20
"2015-05-08",NA,7,18,22
"2015-05-09",NA,6,13,24
"2015-05-10",NA,5,11,18
"2015-05-11",NA,3,8,14
"2015-05-12",NA,2,5,10
"2015-05-13",NA,8,10,13
"2015-05-14",NA,8,16,18
"2015-05-15",NA,8,16,24
"2015-05-16",NA,2,10,18
"2015-05-17",NA,5,7,15
"2015-05-18",NA,8,13,15
"2015-05-19",NA,11,19,24
"2015-05-20",NA,11,22,30
"2015-05-21",NA,11,22,33
"2015-05-22",NA,8,19,30
"2015-05-23",NA,8,16,27
"2015-05-24",NA,7,15,23
"2015-05-25",NA,4,11,19
"2015-05-26",NA,11,15,22
"2015-05-27",NA,12,23,27
"2015-05-28",NA,9,21,32
"2015-05-29",NA,9,18,30
"2015-05-30",NA,8,17,26
"2015-05-31",NA,11,19,28
"2015-06-01",NA,8,19,27
"2015-06-02",NA,2,10,21
"2015-06-03",NA,7,9,17
"2015-06-04",NA,8,15,17
"2015-06-05",NA,10,18,25
"2015-06-06",NA,11,21,29
"2015-06-07",NA,13,24,34
"2015-06-08",NA,10,23,34
"2015-06-09",NA,11,21,34
"2015-06-10",NA,10,21,31
"2015-06-11",NA,7,17,28
"2015-06-12",NA,6,13,23
"2015-06-13",NA,10,16,23
"2015-06-14",NA,7,17,23
"2015-06-15",NA,11,18,28
"2015-06-16",NA,9,20,27
"2015-06-17",NA,4,13,24
"2015-06-18",NA,6,10,19
"2015-06-19",NA,6,12,16
"2015-06-20",NA,6,12,18
"2015-06-21",NA,7,13,19
"2015-06-22",NA,9,16,22
"2015-06-23",NA,9,18,25
"2015-06-24",NA,4,13,22
"2015-06-25",NA,3,7,16
"2015-06-26",NA,11,14,18
"2015-06-27",NA,12,23,26
"2015-06-28",NA,14,26,37
"2015-06-29",NA,6,20,32
"2015-06-30",NA,5,11,25
"2015-07-01",NA,8,13,19
"2015-07-02",NA,13,21,26
"2015-07-03",NA,11,24,32
"2015-07-04",NA,11,22,35
"2015-07-05",NA,10,21,32
"2015-07-06",NA,9,19,30
"2015-07-07",NA,13,22,32
"2015-07-08",NA,13,26,35
"2015-07-09",NA,13,26,39
"2015-07-10",NA,11,24,37
"2015-07-11",NA,1,12,25
"2015-07-12",NA,6,7,18
"2015-07-13",NA,6,12,13
"2015-07-14",NA,8,14,20
"2015-07-15",NA,4,12,18
"2015-07-16",NA,7,11,19
"2015-07-17",NA,5,12,16
"2015-07-18",NA,10,15,22
"2015-07-19",NA,13,23,28
"2015-07-20",NA,9,22,32
"2015-07-21",NA,7,16,29
"2015-07-22",NA,5,12,21
"2015-07-23",NA,8,13,20
"2015-07-24",NA,0,8,13
"2015-07-25",NA,3,3,11
"2015-07-26",NA,4,7,7
"2015-07-27",NA,9,13,16
"2015-07-28",NA,3,12,16
"2015-07-29",NA,9,12,21
"2015-07-30",NA,18,23,27
"2015-07-31",NA,11,29,34
"2015-08-01",NA,10,21,39
"2015-08-02",NA,7,17,28
"2015-08-03",NA,6,13,23
"2015-08-04",NA,9,15,22
"2015-08-05",NA,0,9,15
"2015-08-06",NA,6,6,15
"2015-08-07",NA,2,8,8
"2015-08-08",NA,0,2,8
"2015-08-09",NA,2,2,4
"2015-08-10",NA,5,7,7
"2015-08-11",NA,7,12,14
"2015-08-12",NA,11,18,23
"2015-08-13",NA,10,21,28
"2015-08-14",NA,8,18,29
"2015-08-15",NA,0,8,18
"2015-08-16",NA,3,3,11
"2015-08-17",NA,6,9,9
"2015-08-18",NA,6,12,15
"2015-08-19",NA,9,15,21
"2015-08-20",NA,7,16,22
"2015-08-21",NA,5,12,21
"2015-08-22",NA,9,14,21
"2015-08-23",NA,9,18,23
"2015-08-24",NA,7,16,25
"2015-08-25",NA,7,14,23
"2015-08-26",NA,10,17,24
"2015-08-27",NA,8,18,25
"2015-08-28",NA,5,13,23
"2015-08-29",NA,0,5,13
"2015-08-30",NA,0,0,5
"2015-08-31",NA,0,0,0
"2015-09-01",NA,0,0,0
"2015-09-02",NA,1,1,1
"2015-09-03",NA,0,1,1
"2015-09-04",NA,0,0,1
"2015-09-05",NA,1,1,1
"2015-09-06",NA,0,1,1
"2015-09-07",NA,0,0,1
"2015-09-08",NA,0,0,0
"2015-09-09",NA,0,0,0
"2015-09-10",NA,0,0,0
"2015-09-11",NA,1,1,1
"2015-09-12",NA,10,11,11
"2015-09-13",NA,1,11,12
"2015-09-14",NA,1,2,12
"2015-09-15",NA,4,5,6
"2015-09-16",NA,2,6,7
"2015-09-17",NA,2,4,8
"2015-09-18",NA,1,3,5
"2015-09-19",NA,2,3,5
"2015-09-20",NA,1,3,4
"2015-09-21",NA,3,4,6
"2015-09-22",NA,2,5,6
"2015-09-23",NA,0,2,5
"2015-09-24",NA,1,1,3
"2015-09-25",NA,3,4,4
"2015-09-26",NA,2,5,6
"2015-09-27",NA,5,7,10
"2015-09-28",NA,7,12,14
"2015-09-29",NA,6,13,18
"2015-09-30",NA,6,12,19
"2015-10-01",NA,3,9,15
"2015-10-02",NA,4,7,13
"2015-10-03",NA,4,8,11
"2015-10-07",NA,5.5,9.5,14.5
"2015-10-08",NA,1,6.5,10.5
"2015-10-09",NA,1,2,7.5
"2015-10-10",NA,0,1,2
"2015-10-11",NA,2,2,3
"2015-10-12",NA,5,7,7
"2015-10-13",NA,5,10,12
"2015-10-14",NA,5,10,15
"2015-10-15",NA,7,12,17
"2015-10-16",NA,8,15,20
"2015-10-17",NA,0,8,15
"2015-10-18",NA,3,3,11
"2015-10-19",NA,2,5,5
"2015-10-20",NA,6,8,11
"2015-10-21",NA,1,7,9
"2015-10-22",NA,2,3,9
"2015-10-23",NA,4,6,7
"2015-10-24",NA,4,8,10
"2015-10-25",NA,2,6,10
"2015-10-26",NA,6,8,12
"2015-10-27",NA,3,9,11
"2015-10-28",NA,4,7,13
"2015-10-29",NA,1,5,8
"2015-10-30",NA,6,7,11
"2015-10-31",NA,3,9,10
"2015-11-01",6,8,11,17
"2015-11-02",6,3,11,14
"2015-11-03",5,2,5,13
"2015-11-04",6,3,5,8
"2015-11-05",5,2,5,7
"2015-11-06",8,4,6,9
"2015-11-07",5,0,4,6
"2015-11-08",2,1,1,5
"2015-11-09",0,0,1,1
"2015-11-10",1,7,7,8
"2015-11-11",10,9,16,16
"2015-11-12",18,8,17,24
"2015-11-13",41,25,33,42
"2015-11-14",48,7,32,40
"2015-11-15",50,2,9,34
"2015-11-16",59,10,12,19
"2015-11-17",76,17,27,29
"2015-11-18",78,3,20,30
"2015-11-19",75,0,3,20
"2015-11-20",75,2,2,5
"2015-11-21",79,4,6,6
"2015-11-22",81,2,6,8
"2015-11-23",88,7,9,13
"2015-11-24",86,0,7,9
"2015-11-25",83,1,1,8
"2015-11-26",84,1,2,2
"2015-11-27",84,0,1,2
"2015-11-28",86,3,3,4
"2015-11-29",86,1,4,4
"2015-11-30",87,1,2,5
"2015-12-01",94,7,8,9
"2015-12-02",100,6,13,14
"2015-12-03",117,17,23,30
"2015-12-04",124,10,27,33
"2015-12-05",134,10,20,37
"2015-12-06",155,21,31,41
"2015-12-07",178,23,44,54
"2015-12-08",211,34,57,78
"2015-12-09",217,8,42,65
"2015-12-10",218,2,10,44
"2015-12-11",218,0,2,10
"2015-12-12",228,10,10,12
"2015-12-13",229,4,14,14
"2015-12-14",228,2,6,16
"2015-12-15",231,4,6,10
"2015-12-16",229,0,4,6
"2015-12-17",236,7,7,11
"2015-12-18",246,10,17,17
"2015-12-19",250,4,14,21
"2015-12-20",263,14,18,28
"2015-12-21",265,2,16,20
"2015-12-22",264,1,3,17
"2015-12-23",265,1,2,4
"2015-12-24",263,0,1,2
"2015-12-25",258,0,0,1
"2015-12-26",268,10,10,10
"2015-12-27",274,6,16,16
"2015-12-28",270,2,8,18
"2015-12-29",267,1,3,9
"2015-12-30",265,1,2,4
"2015-12-31",267,2,3,4
"2016-01-01",269,2,4,5
"2016-01-02",269,1,3,5
"2016-01-03",271,2,3,5
"2016-01-04",272,5,7,8
"2016-01-05",277,6,11,13
"2016-01-06",273,0,6,11
"2016-01-07",268,2,2,8
"2016-01-08",269,2,4,4
"2016-01-09",267,2,4,6
"2016-01-10",272,5,7,9
"2016-01-11",277,5,10,12
"2016-01-12",285,8,13,18
"2016-01-13",286,6,14,19
"2016-01-14",288,5,11,19
"2016-01-15",288,5,10,16
"2016-01-16",298,10,15,20
"2016-01-17",302,8,18,23
"2016-01-18",302,2,10,20
"2016-01-19",305,3,5,13
"2016-01-20",301,3,6,8
"2016-01-21",323,22,25,28
"2016-01-22",338,15,37,40
"2016-01-23",340,2,17,39
"2016-01-24",337,0,2,17
"2016-01-25",340,3,3,5
"2016-01-26",354,14,17,17
"2016-01-27",361,8,22,25
"2016-01-28",382,23,31,45
"2016-01-29",388,7,30,38
"2016-01-30",388,1,8,31
"2016-01-31",392,4,5,12
"2016-02-01",394,3,7,8
"2016-02-02",397,4,7,11
"2016-02-03",400,3,7,10
"2016-02-04",398,4,7,11
"2016-02-05",425,28,32,35
"2016-02-06",413,5,33,37
"2016-02-07",416,8,13,41
"2016-02-08",415,6,14,19
"2016-02-09",423,11,17,25
"2016-02-10",417,3,14,20
"2016-02-11",420,9,12,23
"2016-02-12",428,11,20,23
"2016-02-13",438,11,22,31
"2016-02-14",446,15,26,37
"2016-02-15",445,12,27,38
"2016-02-16",450,12,24,39
"2016-02-17",461,11,23,35
"2016-02-18",460,6,17,29
"2016-02-19",458,4,10,21
"2016-02-20",445,2,6,12
"2016-02-21",461,18,20,24
"2016-02-22",456,5,23,25
"2016-02-23",473,17,22,40
"2016-02-24",469,5,22,27
"2016-02-25",474,9,14,31
"2016-02-26",477,5,14,19
"2016-02-27",471,4,9,18
"2016-02-28",473,9,13,18
"2016-02-29",459,2,11,15
"2016-03-01",496,37,39,48
"2016-03-02",480,6,43,45
"2016-03-03",480,12,18,55
"2016-03-04",510,30,42,48
"2016-03-05",515,18,48,60
"2016-03-06",525,19,37,67
"2016-03-07",515,0,19,37
"2016-03-08",522,9,9,28
"2016-03-09",534,13,22,22
"2016-03-10",548,29,42,51
"2016-03-11",563,17,46,59
"2016-03-12",568,9,26,55
"2016-03-13",583,16,25,42
"2016-03-14",563,0,16,25
"2016-03-15",562,2,2,18
"2016-03-16",562,3,5,5
"2016-03-17",566,7,10,12
"2016-03-18",579,13,20,23
"2016-03-19",580,4,17,24
"2016-03-20",592,12,16,29
"2016-03-21",584,1,13,17
"2016-03-22",570,0,1,13
"2016-03-23",584,14,14,15
"2016-03-24",579,3,17,17
"2016-03-25",577,5,8,22
"2016-03-26",592,15,20,23
"2016-03-27",586,1,16,21
"2016-03-28",584,7,8,23
"2016-03-29",594,14,21,22
"2016-03-30",600,11,25,32
"2016-03-31",600,7,18,32
"2016-04-01",600,7,14,25
"2016-04-02",600,4,11,18
"2016-04-03",602,10,14,21
"2016-04-04",585,0,10,14
"2016-04-05",588,14,14,24
"2016-04-06",582,6,20,20
"2016-04-07",594,17,23,37
"2016-04-08",593,10,27,33
"2016-04-09",588,14,24,41
"2016-04-10",584,9,23,33
"2016-04-11",577,4,13,27
"2016-04-12",575,5,9,18
"2016-04-13",585,15,20,24
"2016-04-14",586,9,24,29
"2016-04-15",571,2,11,26
"2016-04-16",570,6,8,17
"2016-04-17",563,1,7,9
"2016-04-18",556,8,9,15
"2016-04-19",546,8,16,17
"2016-04-20",536,10,18,26
"2016-04-21",517,7,17,25
"2016-04-22",500,3,10,20
"2016-04-23",473,0,3,10
"2016-04-24",445,0,0,3
"2016-04-25",430,3,3,3
"2016-04-26",428,8,11,11
"2016-04-27",418,0,8,11
"2016-04-28",405,9,9,17
"2016-04-29",386,5,14,14
"2016-04-30",369,10,15,24
"2016-05-01",NA,8,18,23
"2016-05-02",NA,4,12,22
"2016-05-03",NA,0,4,12
"2016-05-04",NA,2,2,6
"2016-05-05",NA,11,13,13
"2016-05-06",NA,12,23,25
"2016-05-07",NA,6,18,29
"2016-05-08",NA,4,10,22
"2016-05-09",NA,4,8,14
"2016-05-10",NA,6,10,14
"2016-05-11",NA,2,8,12
"2016-05-12",NA,0,2,8
"2016-05-13",NA,0,0,2
"2016-05-14",NA,1,1,1
"2016-05-15",NA,2,3,3
"2016-05-16",NA,2,4,5
"2016-05-17",NA,4,6,8
"2016-05-18",NA,2,6,8
"2016-05-19",NA,1,3,7
"2016-05-20",NA,3,4,6
"2016-05-21",NA,5,8,9
"2016-05-22",NA,5,10,13
"2016-05-23",NA,6,11,16
"2016-05-24",NA,7,13,18
"2016-05-25",NA,8,15,21
"2016-05-26",NA,5,13,20
"2016-05-27",NA,6,11,19
"2016-05-28",NA,5,11,16
"2016-05-29",NA,9,14,20
"2016-05-30",NA,8,17,22
"2016-05-31",NA,8,16,25
"2016-06-01",NA,4,12,20
"2016-06-02",NA,4,8,16
"2016-06-03",NA,5,9,13
"2016-06-04",NA,9,14,18
"2016-06-05",NA,10,19,24
"2016-06-06",NA,8,18,27
"2016-06-07",NA,10,18,28
"2016-06-08",NA,8,18,26
"2016-06-09",NA,6,14,24
"2016-06-10",NA,6,12,20
"2016-06-11",NA,4,10,16
"2016-06-12",NA,4,8,14
"2016-06-13",NA,5,9,13
"2016-06-14",NA,6,11,15
"2016-06-15",NA,7,13,18
"2016-06-16",NA,3,10,16
"2016-06-17",NA,7,10,17
"2016-06-18",NA,9,16,19
"2016-06-19",NA,7,16,23
"2016-06-20",NA,10,17,26
"2016-06-21",NA,7,17,24
"2016-06-22",NA,6,13,23
"2016-06-23",NA,5,11,18
"2016-06-24",NA,6,11,17
"2016-06-25",NA,6,12,17
"2016-06-26",NA,11,17,23
"2016-06-27",NA,11,22,28
"2016-06-28",NA,10,21,32
"2016-06-29",NA,10,20,31
"2016-06-30",NA,8,18,28
"2016-07-01",NA,4,12,22
"2016-07-02",NA,4,8,16
"2016-07-03",NA,3,7,11
"2016-07-04",NA,2,5,9
"2016-07-05",NA,4,6,9
"2016-07-06",NA,8,12,14
"2016-07-07",NA,3,11,15
"2016-07-08",NA,4,7,15
"2016-07-09",NA,5,9,12
"2016-07-10",NA,6,11,15
"2016-07-11",NA,7,13,18
"2016-07-12",NA,6,13,19
"2016-07-13",NA,9,15,22
"2016-07-14",NA,3,12,18
"2016-07-15",NA,2,5,14
"2016-07-16",NA,6,8,11
"2016-07-17",NA,7,13,15
"2016-07-18",NA,6,13,19
"2016-07-19",NA,7,13,20
"2016-07-20",NA,6,13,19
"2016-07-21",NA,8,14,21
"2016-07-22",NA,8,16,22
"2016-07-23",NA,6,14,22
"2016-07-24",NA,8,14,22
"2016-07-25",NA,8,16,22
"2016-07-26",NA,11,19,27
"2016-07-27",NA,8,19,27
"2016-07-28",NA,8,16,27
"2016-07-29",NA,10,18,26
"2016-07-30",NA,7,17,25
"2016-07-31",NA,7,14,24
"2016-08-01",NA,6,13,20
"2016-08-02",NA,2,8,15
"2016-08-03",NA,7,9,15
"2016-08-04",NA,7,14,16
"2016-08-05",NA,1,8,15
"2016-08-06",NA,6,7,14
"2016-08-07",NA,4,10,11
"2016-08-08",NA,4,8,14
"2016-08-09",NA,4,8,12
"2016-08-10",NA,6,10,14
"2016-08-11",NA,9,15,19
"2016-08-12",NA,9,18,24
"2016-08-13",NA,8,17,26
"2016-08-14",NA,6,14,23
"2016-08-15",NA,8,14,22
"2016-08-16",NA,8,16,22
"2016-08-17",NA,8,16,24
"2016-08-18",NA,9,17,25
"2016-08-19",NA,9,18,26
"2016-08-20",NA,9,18,27
"2016-08-21",NA,0,9,18
"2016-08-22",NA,2,2,11
"2016-08-23",NA,7,9,9
"2016-08-24",NA,7,14,16
"2016-08-25",NA,7,14,21
"2016-08-26",NA,7,14,21
"2016-08-27",NA,5,12,19
"2016-08-28",NA,1,6,13
"2016-08-29",NA,1,2,7
"2016-08-30",NA,1,2,3
"2016-08-31",NA,1,2,3
"2016-09-01",NA,3,4,5
"2016-09-02",NA,5,8,9
"2016-09-03",NA,4,9,12
"2016-09-04",NA,4,8,13
"2016-09-05",NA,2,6,10
"2016-09-06",NA,4,6,10
"2016-09-07",NA,2,6,8
"2016-09-08",NA,5,7,11
"2016-09-09",NA,2,7,9
"2016-09-10",NA,2,4,9
"2016-09-11",NA,2,4,6
"2016-09-12",NA,5,7,9
"2016-09-13",NA,8,13,15
"2016-09-14",NA,8,16,21
"2016-09-15",NA,7,15,23
"2016-09-16",NA,1,8,16
"2016-09-17",NA,1,2,9
"2016-09-18",NA,1,2,3
"2016-09-19",NA,3,4,5
"2016-09-20",NA,1,4,5
"2016-09-21",NA,5,6,9
"2016-09-22",NA,7,12,13
"2016-09-23",NA,2,9,14
"2016-09-24",NA,4,6,13
"2016-09-25",NA,2,6,8
"2016-09-26",NA,1,3,7
"2016-09-27",NA,3,4,6
"2016-09-28",NA,6,9,10
"2016-09-29",NA,7,13,16
"2016-09-30",NA,7,14,20
"2016-10-01",NA,3,10,17
"2016-10-02",NA,4,7,14
"2016-10-03",NA,4,8,11
"2016-10-04",NA,3,7,11
"2016-10-05",NA,3,6,10
"2016-10-06",NA,3,6,9
"2016-10-07",NA,8,11,14
"2016-10-08",NA,3,11,14
"2016-10-09",NA,0,3,11
"2016-10-10",NA,0,0,3
"2016-10-11",NA,5,5,5
"2016-10-12",NA,7,12,12
"2016-10-13",NA,2,9,14
"2016-10-14",NA,10.5,12.5,19.5
"2016-10-15",NA,0,10.5,12.5
"2016-10-16",NA,8,8,18.5
"2016-10-17",NA,1,9,9
"2016-10-18",NA,0,1,9
"2016-10-19",NA,1,1,2
"2016-10-20",NA,5,6,6
"2016-10-21",NA,3,8,9
"2016-10-22",NA,6,9,14
"2016-10-23",NA,3,9,12
"2016-10-24",NA,2,5,11
"2016-10-25",NA,0,2,5
"2016-10-26",NA,4,4,6
"2016-10-27",NA,1,5,5
"2016-10-28",NA,3,4,8
"2016-10-29",NA,2,5,6
"2016-10-30",NA,2,4,7
"2016-10-31",NA,2,4,6
"2016-11-01",14,2,4,6
"2016-11-02",20,6,8,10
"2016-11-03",22,5,11,13
"2016-11-04",19,3,8,14
"2016-11-05",11,0,3,8
"2016-11-06",10,0,0,3
"2016-11-07",7,0,0,0
"2016-11-08",-5,0,0,0
"2016-11-09",-8,0,0,0
"2016-11-10",-7,4,4,4
"2016-11-11",-8,0,4,4
"2016-11-12",-7,1,1,5
"2016-11-13",-7,1,2,2
"2016-11-14",-5,5,6,7
"2016-11-15",-1,6,11,12
"2016-11-16",-1,1,7,12
"2016-11-17",-1,0,1,7
"2016-11-18",-3,1,1,2
"2016-11-19",2,5,6,6
"2016-11-20",7,5,10,11
"2016-11-21",10,3,8,13
"2016-11-22",25,16,19,24
"2016-11-23",30,5,21,24
"2016-11-24",53,23,28,44
"2016-11-25",56,4,27,32
"2016-11-26",65,9,13,36
"2016-11-27",67,2,11,15
"2016-11-28",68,1,3,12
"2016-11-29",69,2,3,5
"2016-11-30",69,0,2,3
"2016-12-01",68,2,2,4
"2016-12-02",77,9,11,11
"2016-12-03",80,3,12,14
"2016-12-04",80,1,4,13
"2016-12-05",80,1,2,5
"2016-12-06",80,0,1,2
"2016-12-07",76,0,0,1
"2016-12-08",76,0,0,0
"2016-12-09",80,4,4,4
"2016-12-10",81,1,5,5
"2016-12-11",80,0,1,5
"2016-12-12",80,0,0,1
"2016-12-13",75,0,0,0
"2016-12-14",77,2,2,2
"2016-12-15",76,0,2,2
"2016-12-16",73,0,0,2
"2016-12-17",77,4,4,4
"2016-12-18",86,10,14,14
"2016-12-19",103,17,27,31
"2016-12-20",110,8,25,35
"2016-12-21",115,5,13,30
"2016-12-22",128,13,18,26
"2016-12-23",128,1,14,19
"2016-12-24",128,0,1,14
"2016-12-25",127,1,1,2
"2016-12-26",135,8,9,9
"2016-12-27",142,7,15,16
"2016-12-28",143,1,8,16
"2016-12-29",170,27,28,35
"2016-12-30",164,1,28,29
"2016-12-31",172,8,9,36
"2017-01-01",168,0,8,9
"2017-01-02",168,1,1,9
"2017-01-03",168,3,4,4
"2017-01-04",170,4,7,8
"2017-01-05",175,5,9,12
"2017-01-06",177,2,7,11
"2017-01-07",174,0,2,7
"2017-01-08",176,3,3,5
"2017-01-09",184,8,11,11
"2017-01-10",184,0,8,11
"2017-01-11",183,1,1,9
"2017-01-12",184,2,3,3
"2017-01-13",187,3,5,6
"2017-01-14",189,2,5,7
"2017-01-15",190,1,3,6
"2017-01-16",205,15,16,18
"2017-01-17",234,29,44,45
"2017-01-18",248,14,43,58
"2017-01-19",249,1,15,44
"2017-01-20",250,1,2,16
"2017-01-21",250,1,2,3
"2017-01-22",254,5,6,7
"2017-01-23",254,3,8,9
"2017-01-24",252,1,4,9
"2017-01-25",254,3,4,7
"2017-01-26",246,1,4,5
"2017-01-27",248,6,7,10
"2017-01-28",253,12,18,19
"2017-01-29",268,16,28,34
"2017-01-30",268,4,20,32
"2017-01-31",268,3,7,23
"2017-02-01",270,4,7,11
"2017-02-02",275,7,11,14
"2017-02-03",276,1,8,12
"2017-02-04",282,6,7,14
"2017-02-05",289,7,13,14
"2017-02-06",293,5,12,18
"2017-02-07",290,0,5,12
"2017-02-08",294,8,8,13
"2017-02-09",324,32,40,40
"2017-02-10",323,2,34,42
"2017-02-11",313,3,5,37
"2017-02-12",327,16,19,21
"2017-02-13",331,10,26,29
"2017-02-14",343,12,22,38
"2017-02-15",352,11,23,33
"2017-02-16",350,8,19,31
"2017-02-17",354,6,14,25
"2017-02-18",357,5,11,19
"2017-02-19",357,2,7,13
"2017-02-20",365,8,10,15
"2017-02-21",360,2,10,12
"2017-02-22",360,5,7,15
"2017-02-23",364,9,14,16
"2017-02-24",359,1,10,15
"2017-02-25",369,14,15,24
"2017-02-26",367,5,19,20
"2017-02-27",369,3,8,22
"2017-02-28",364,6,9,14
"2017-03-01",356,6,12,15
"2017-03-02",373,18,24,30
"2017-03-03",391,20,38,44
"2017-03-04",392,9,29,47
"2017-03-05",398,9,18,38
"2017-03-06",389,0,9,18
"2017-03-07",398,10,10,19
"2017-03-08",392,4,14,14
"2017-03-09",397,9,13,23
"2017-03-10",402,8,17,21
"2017-03-11",422,21,29,38
"2017-03-12",417,6,27,35
"2017-03-13",430,13,19,40
"2017-03-14",442,14,27,33
"2017-03-15",443,10,24,37
"2017-03-16",437,4,14,28
"2017-03-17",460,23,27,37
"2017-03-18",459,10,33,37
"2017-03-19",457,2,12,35
"2017-03-20",470,14,16,26
"2017-03-21",481,11,25,27
"2017-03-22",479,2,13,27
"2017-03-23",486,12,14,25
"2017-03-24",496,10,22,24
"2017-03-25",490,1,11,23
"2017-03-26",501,11,12,22
"2017-03-27",494,3,14,15
"2017-03-28",503,11,14,25
"2017-03-29",517,16,27,30
"2017-03-30",505,5,21,32
"2017-03-31",514,12,17,33
"2017-04-01",515,7,19,24
"2017-04-02",517,6,13,25
"2017-04-03",520,7,13,20
"2017-04-04",526,7,14,20
"2017-04-05",530,8,15,22
"2017-04-06",539,12,20,27
"2017-04-07",547,9,21,29
"2017-04-08",527,0,9,21
"2017-04-09",530,5,5,14
"2017-04-10",531,2,7,7
"2017-04-11",540,12,14,19
"2017-04-12",542,3,15,17
"2017-04-13",547,5,8,20
"2017-04-14",539,1,6,9
"2017-04-15",538,3,4,9
"2017-04-16",549,13,16,17
"2017-04-17",549,2,15,18
"2017-04-18",549,1,3,16
"2017-04-19",549,4,5,7
"2017-04-20",544,1,5,6
"2017-04-21",548,14,15,19
"2017-04-22",560,13,27,28
"2017-04-23",555,4,17,31
"2017-04-24",552,5,9,22
"2017-04-25",550,8,13,17
"2017-04-26",541,0,8,13
"2017-04-27",530,3,3,11
"2017-04-28",523,6,9,9
"2017-04-29",533,14,20,23
"2017-04-30",526,3,17,23
"2017-05-01",NA,12,15,29
"2017-05-02",NA,13,25,28
"2017-05-03",NA,0,13,25
"2017-05-04",NA,1,1,14
"2017-05-05",NA,1,2,2
"2017-05-06",NA,3,4,5
"2017-05-07",NA,14,17,18
"2017-05-08",NA,3,17,20
"2017-05-09",NA,12,15,29
"2017-05-10",NA,10,22,25
"2017-05-11",NA,2,12,24
"2017-05-12",NA,5,7,17
"2017-05-13",NA,1,6,8
"2017-05-14",NA,1,2,7
"2017-05-15",NA,1,2,3
"2017-05-16",NA,0,1,2
"2017-05-17",NA,5,5,6
"2017-05-18",NA,3,8,8
"2017-05-19",NA,6,9,14
"2017-05-20",NA,8,14,17
"2017-05-21",NA,8,16,22
"2017-05-22",NA,5,13,21
"2017-05-23",NA,0,5,13
"2017-05-24",NA,0,0,5
"2017-05-25",NA,0,0,0
"2017-05-26",NA,1,1,1
"2017-05-27",NA,1,2,2
"2017-05-28",NA,0,1,2
"2017-05-29",NA,0,0,1
"2017-05-30",NA,0,0,0
"2017-05-31",NA,0,0,0
"2017-06-01",NA,0,0,0
"2017-06-02",NA,1,1,1
"2017-06-03",NA,0,1,1
"2017-06-04",NA,0,0,1
"2017-06-05",NA,1,1,1
"2017-06-06",NA,1,2,2
"2017-06-07",NA,2,3,4
"2017-06-08",NA,0,2,3
"2017-06-09",NA,0,0,2
"2017-06-10",NA,1,1,1
"2017-06-11",NA,1,2,2
"2017-06-12",NA,0,1,2
"2017-06-13",NA,2,2,3
"2017-06-14",NA,1,3,3
"2017-06-15",NA,0,1,3
"2017-06-16",NA,0,0,1
"2017-06-17",NA,0,0,0
"2017-06-18",NA,0,0,0
"2017-06-19",NA,0,0,0
"2017-06-20",NA,0,0,0
"2017-06-21",NA,0,0,0
"2017-06-22",NA,2,2,2
"2017-06-23",NA,1,3,3
"2017-06-24",NA,2,3,5
"2017-06-25",NA,2,4,5
"2017-06-27",NA,2.16666666666667,4.16666666666667,5.16666666666667
"2017-06-28",NA,4,6.16666666666667,8.16666666666667
"2017-06-29",NA,2,6,8.16666666666667
"2017-06-30",NA,2,4,8
"2017-07-01",NA,1,3,5
"2017-07-02",NA,1,2,4
"2017-07-03",NA,2,3,4
"2017-07-04",NA,4,6,7
"2017-07-05",NA,9,13,15
"2017-07-06",NA,10,19,23
"2017-07-07",NA,3,13,22
"2017-07-08",NA,4,7,17
"2017-07-09",NA,1,5,8
"2017-07-10",NA,0,1,5
"2017-07-11",NA,2,2,3
"2017-07-12",NA,2,2,3
"2017-07-13",NA,2,4,4
"2017-07-14",NA,0,2,4
"2017-07-15",NA,0,0,2
"2017-07-16",NA,1,1,1
"2017-07-17",NA,3,4,4
"2017-07-18",NA,4,7,8
"2017-07-19",NA,3,7,10
"2017-07-20",NA,1,4,8
"2017-07-21",NA,0,1,4
"2017-07-22",NA,0,0,1
"2017-07-23",NA,0,0,0
"2017-07-24",NA,6,6,6
"2017-07-25",NA,2,8,8
"2017-07-26",NA,2,4,10
"2017-07-27",NA,2,4,6
"2017-07-28",NA,2,4,6
"2017-07-29",NA,1,3,5
"2017-07-30",NA,1,2,4
"2017-07-31",NA,4,5,6
"2017-08-01",NA,0,4,5
"2017-08-02",NA,1,1,5
"2017-08-03",NA,3,4,4
"2017-08-04",NA,2,5,6
"2017-08-05",NA,2,4,7
"2017-08-06",NA,2,4,6
"2017-08-07",NA,1,3,5
"2017-08-08",NA,1,2,4
"2017-08-09",NA,3,4,5
"2017-08-10",NA,2,5,6
"2017-08-11",NA,1,3,6
"2017-08-12",NA,1,2,4
"2017-08-13",NA,0,1,2
"2017-08-14",NA,1,1,2
"2017-08-15",NA,1,2,2
"2017-08-16",NA,1,2,3
"2017-08-17",NA,1,2,3
"2017-08-18",NA,0,1,2
"2017-08-19",NA,1,1,2
"2017-08-20",NA,0,1,1
"2017-08-21",NA,0,0,1
"2017-08-22",NA,1,1,1
"2017-08-23",NA,0,1,1
"2017-08-24",NA,0,0,1
"2017-08-25",NA,0,0,0
"2017-08-26",NA,1,1,1
"2017-08-27",NA,2,3,3
"2017-08-28",NA,3,5,6
"2017-08-29",NA,2,5,7
"2017-08-30",NA,3,5,8
"2017-08-31",NA,3,6,8
"2017-09-01",NA,1,4,7
"2017-09-02",NA,3,4,7
"2017-09-03",NA,1,4,5
"2017-09-04",NA,3,4,7
"2017-09-05",NA,2,5,6
"2017-09-06",NA,1,3,6
"2017-09-07",NA,0,1,3
"2017-09-08",NA,1,1,2
"2017-09-09",NA,3,4,4
"2017-09-10",NA,0,3,4
"2017-09-11",NA,3,3,6
"2017-09-12",NA,0,3,3
"2017-09-13",NA,1,1,4
"2017-09-14",NA,2,3,3
"2017-09-15",NA,1,3,4
"2017-09-16",NA,1,2,4
"2017-09-17",NA,1,2,3
"2017-09-18",NA,0,1,2
"2017-09-19",NA,0,0,1
"2017-09-20",NA,1,1,1
"2017-09-21",NA,0,1,1
"2017-09-22",NA,1,1,2
"2017-09-23",NA,2,3,3
"2017-09-24",NA,0,2,3
"2017-09-25",NA,0,0,2
"2017-09-26",NA,0,0,0
"2017-09-27",NA,2,2,2
"2017-09-28",NA,1,3,3
"2017-09-29",NA,0,1,3
"2017-09-30",NA,0,0,1
"2017-10-01",NA,0,0,0
"2017-10-02",NA,1,1,1
"2017-10-03",NA,14,15,15
"2017-10-04",NA,5,19,20
"2017-10-05",NA,3,8,22
"2017-10-06",NA,1,4,9
"2017-10-07",NA,1,2,5
"2017-10-08",NA,2,3,4
"2017-10-09",NA,2,4,5
"2017-10-10",NA,4,6,8
"2017-10-11",NA,3,7,9
"2017-10-12",NA,2,5,9
"2017-10-13",NA,1,3,6
"2017-10-14",NA,4,5,7
"2017-10-15",NA,2,6,7
"2017-10-16",NA,0,2,6
"2017-10-17",NA,1,1,3
"2017-10-18",NA,7,8,8
"2017-10-19",NA,42,49,50
"2017-10-20",NA,9,51,58
"2017-10-21",NA,2,11,53
"2017-10-22",NA,16,18,27
"2017-10-23",NA,2,18,20
"2017-10-24",NA,0,2,18
"2017-10-25",NA,0,0,2
"2017-10-26",NA,0,0,0
"2017-10-27",NA,0,0,0
"2017-10-28",NA,4,4,4
"2017-10-29",NA,0,4,4
"2017-10-30",NA,1,1,5
"2017-10-31",NA,11,12,12
"2017-11-01",20,1,12,13
"2017-11-02",17,0,1,12
"2017-11-03",12,1,1,2
"2017-11-04",9,0,1,1
"2017-11-05",10,1,1,2
"2017-11-06",10,2,3,3
"2017-11-07",16,6,8,9
"2017-11-08",18,4,10,12
"2017-11-09",19,1,5,11
"2017-11-10",21,3,4,8
"2017-11-11",26,5,8,9
"2017-11-12",44,18,23,26
"2017-11-13",64,20,38,43
"2017-11-14",75,11,31,49
"2017-11-15",101,26,37,57
"2017-11-16",106,5,31,42
"2017-11-17",105,0,5,31
"2017-11-18",110,7,7,12
"2017-11-19",151,41,48,48
"2017-11-20",155,4,45,52
"2017-11-21",158,6,10,51
"2017-11-22",165,8,14,18
"2017-11-23",153,3,11,17
"2017-11-24",153,3,6,14
"2017-11-25",170,17,20,23
"2017-11-26",184,14,31,34
"2017-11-27",188,7,21,38
"2017-11-28",204,16,23,37
"2017-11-29",208,5,21,28
"2017-11-30",216,8,13,29
"2017-12-01",221,5,13,18
"2017-12-02",222,1,6,14
"2017-12-03",222,1,2,7
"2017-12-04",224,3,4,5
"2017-12-05",225,1,4,5
"2017-12-06",225,0,1,4
"2017-12-07",225,0,0,1
"2017-12-08",229,6,6,6
"2017-12-09",238,9,15,15
"2017-12-10",240,4,13,19
"2017-12-11",241,1,5,14
"2017-12-12",244,7,8,12
"2017-12-13",242,1,8,9
"2017-12-14",251,9,10,17
"2017-12-15",245,4,13,14
"2017-12-16",243,6,10,19
"2017-12-17",251,10,16,20
"2017-12-18",245,0,10,16
"2017-12-19",254,9,9,19
"2017-12-20",237,0,9,9
"2017-12-21",245,8,8,17
"2017-12-22",238,0,8,8
"2017-12-23",231,0,0,8
"2017-12-24",239,8,8,8
"2017-12-25",236,1,9,9
"2017-12-26",240,7,8,16
"2017-12-27",239,1,8,9
"2017-12-28",250,12,13,20
"2017-12-29",248,1,13,14
"2017-12-30",252,8,9,21
"2017-12-31",253,4,12,13
"2018-01-01",254,2,6,14
"2018-01-02",259,5,7,11
"2018-01-03",259,0,5,7
"2018-01-04",269,10,10,15
"2018-01-05",277,8,18,18
"2018-01-06",275,1,9,19
"2018-01-07",281,6,7,15
"2018-01-08",289,8,14,15
"2018-01-09",293,4,12,18
"2018-01-10",298,5,9,17
"2018-01-11",299,1,6,10
"2018-01-12",308,10,11,16
"2018-01-13",313,5,15,16
"2018-01-14",312,1,6,16
"2018-01-15",314,3,4,9
"2018-01-16",314,4,7,8
"2018-01-17",332,18,22,25
"2018-01-18",350,18,36,40
"2018-01-19",350,2,20,38
"2018-01-20",351,1,3,21
"2018-01-21",409,58,59,61
"2018-01-22",416,7,65,66
"2018-01-23",437,21,28,86
"2018-01-24",438,1,22,29
"2018-01-25",442,4,5,26
"2018-01-26",439,0,4,5
"2018-01-27",440,1,1,5
"2018-01-28",450,15,16,16
"2018-01-29",485,35,50,51
"2018-01-30",485,0,35,50
"2018-01-31",485,0,0,35
"2018-02-01",485,0,0,0
"2018-02-02",489,6,6,6
"2018-02-03",488,4,10,10
"2018-02-04",504,17,21,27
"2018-02-05",496,1,18,22
"2018-02-06",494,2,3,20
"2018-02-07",506,12,14,15
"2018-02-08",506,6,18,20
"2018-02-09",502,0,6,18
"2018-02-10",505,6,6,12
"2018-02-11",504,4,10,10
"2018-02-12",503,6,10,16
"2018-02-13",520,19,25,29
"2018-02-14",514,3,22,28
"2018-02-15",502,1,4,23
"2018-02-16",504,13,14,17
"2018-02-17",522,20,33,34
"2018-02-18",495,0,20,33
"2018-02-19",498,5,5,25
"2018-02-20",493,2,7,7
"2018-02-21",502,10,12,17
"2018-02-22",493,3,13,15
"2018-02-23",511,21,24,34
"2018-02-24",504,3,24,27
"2018-02-25",517,24,27,48
"2018-02-26",496,3,27,30
"2018-02-27",508,15,18,42
"2018-02-28",525,17,32,35
"2018-03-01",524,5,22,37
"2018-03-02",515,1,6,23
"2018-03-03",517,7,8,13
"2018-03-04",514,4,11,12
"2018-03-05",515,3,7,14
"2018-03-06",518,5,8,12
"2018-03-07",538,20,25,28
"2018-03-08",551,13,33,38
"2018-03-09",531,2,15,35
"2018-03-10",532,6,8,21
"2018-03-11",529,3,9,11
"2018-03-12",542,16,19,25
"2018-03-13",553,12,28,31
"2018-03-14",551,1,13,29
"2018-03-15",543,4,5,17
"2018-03-16",543,6,10,11
"2018-03-17",546,3,9,13
"2018-03-18",538,4,7,13
"2018-03-19",543,8,12,15
"2018-03-20",551,8,16,20
"2018-03-21",557,6,14,22
"2018-03-22",571,15,21,29
"2018-03-23",558,2,17,23
"2018-03-24",556,2,4,19
"2018-03-25",558,2,4,6
"2018-03-26",564,10,12,14
"2018-03-27",566,11,21,23
"2018-03-28",564,1,12,22
"2018-03-29",577,13,14,25
"2018-03-30",572,4,17,18
"2018-03-31",576,11,15,28
"2018-04-01",588,13,24,28
"2018-04-02",581,5,18,29
"2018-04-03",590,9,14,27
"2018-04-04",586,3,12,17
"2018-04-05",598,12,15,24
"2018-04-06",608,10,22,25
"2018-04-07",631,24,34,46
"2018-04-08",608,0,24,34
"2018-04-09",605,3,3,27
"2018-04-10",621,21,24,24
"2018-04-11",624,4,25,28
"2018-04-12",615,1,5,26
"2018-04-13",625,11,12,16
"2018-04-14",636,11,22,23
"2018-04-15",644,8,19,30
"2018-04-16",651,8,16,27
"2018-04-17",646,0,8,16
"2018-04-18",645,0,0,8
"2018-04-19",650,6,6,6
"2018-04-20",655,7,13,13
"2018-04-21",653,7,14,20
"2018-04-22",655,3,10,17
"2018-04-23",659,5,8,15
"2018-04-24",665,7,12,15
"2018-04-25",661,3,10,15
"2018-04-26",668,11,14,21
"2018-04-27",668,10,21,24
"2018-04-28",652,4,14,25
"2018-04-29",631,6,10,20
"2018-04-30",617,9,15,19
"2018-05-01",NA,5,14,20
"2018-05-02",NA,4,9,18
"2018-05-03",NA,0,4,9
"2018-05-04",NA,0,0,4
"2018-05-05",NA,8,8,8
"2018-05-06",NA,2,10,10
"2018-05-07",NA,1,3,11
"2018-05-08",NA,9,10,12
"2018-05-09",NA,0,9,10
"2018-05-10",NA,0,0,9
"2018-05-11",NA,2,2,2
"2018-05-12",NA,4,6,6
"2018-05-13",NA,5,9,11
"2018-05-14",NA,2,7,11
"2018-05-15",NA,0,2,7
"2018-05-16",NA,1,1,3
"2018-05-17",NA,3,4,4
"2018-05-18",NA,4,7,8
"2018-05-19",NA,1,5,8
"2018-05-20",NA,0,1,5
"2018-05-21",NA,1,1,2
"2018-05-22",NA,0,1,1
"2018-05-23",NA,1,1,2
"2018-05-24",NA,0,1,1
"2018-05-25",NA,0,0,1
"2018-05-26",NA,1,1,1
"2018-05-27",NA,2,3,3
"2018-05-28",NA,0,2,3
"2018-05-29",NA,3,3,5
"2018-05-30",NA,3,6,6
"2018-05-31",NA,4,7,10
"2018-06-01",NA,1,5,8
"2018-06-02",NA,5,6,10
"2018-06-03",NA,1,6,7
"2018-06-04",NA,5,6,11
"2018-06-05",NA,1,6,7
"2018-06-06",NA,3,4,9
"2018-06-07",NA,0,3,4
"2018-06-08",NA,0,0,3
"2018-06-09",NA,5,5,5
"2018-06-10",NA,4,9,9
"2018-06-11",NA,4,8,13
"2018-06-12",NA,3,7,11
"2018-06-13",NA,5,8,12
"2018-06-14",NA,4,9,12
"2018-06-15",NA,5,9,14
"2018-06-16",NA,5,10,14
"2018-06-17",NA,7,12,17
"2018-06-18",NA,8,15,20
"2018-06-19",NA,9,17,24
"2018-06-20",NA,5,14,22
"2018-06-21",NA,5,10,19
"2018-06-22",NA,4,9,14
"2018-06-23",NA,6,10,15
"2018-06-24",NA,2,8,12
"2018-06-25",NA,3,5,11
"2018-06-26",NA,5,8,10
"2018-06-27",NA,2,7,10
"2018-06-28",NA,4,6,11
"2018-06-29",NA,3,7,9
"2018-06-30",NA,5,8,12
"2018-07-01",NA,3,8,11
"2018-07-02",NA,4,7,12
"2018-07-03",NA,2,6,9
"2018-07-04",NA,5,7,11
"2018-07-05",NA,5,10,12
"2018-07-06",NA,2,7,12
"2018-07-07",NA,5,7,12
"2018-07-08",NA,7,12,14
"2018-07-09",NA,6,13,18
"2018-07-10",NA,2,8,15
"2018-07-11",NA,6,8,14
"2018-07-12",NA,6,12,14
"2018-07-13",NA,6,12,18
"2018-07-14",NA,7,13,19
"2018-07-15",NA,7,14,20
"2018-07-16",NA,8,15,22
"2018-07-17",NA,5,13,20
"2018-07-18",NA,5,10,18
"2018-07-19",NA,5,10,15
"2018-07-20",NA,4,9,14
"2018-07-21",NA,2,6,11
"2018-07-22",NA,7,9,13
"2018-07-23",NA,2,9,11
"2018-07-24",NA,6,8,15
"2018-07-25",NA,7,13,15
"2018-07-26",NA,7,14,20
"2018-07-27",NA,7,14,21
"2018-07-28",NA,8,15,22
"2018-07-29",NA,7,15,22
"2018-07-30",NA,7,14,22
"2018-07-31",NA,7,14,21
"2018-08-01",NA,4,11,18
"2018-08-02",NA,5,9,16
"2018-08-03",NA,3,8,12
"2018-08-04",NA,4,7,12
"2018-08-05",NA,7,11,14
"2018-08-06",NA,6,13,17
"2018-08-07",NA,7,13,20
"2018-08-08",NA,7,14,20
"2018-08-09",NA,6,13,20
"2018-08-10",NA,6,12,19
"2018-08-11",NA,0,6,12
"2018-08-12",NA,4,4,10
"2018-08-13",NA,6,10,10
"2018-08-14",NA,7,13,17
"2018-08-15",NA,5,12,18
"2018-08-16",NA,5,10,17
"2018-08-17",NA,6,11,16
"2018-08-18",NA,5,11,16
"2018-08-19",NA,5,10,16
"2018-08-20",NA,4,9,14
"2018-08-21",NA,9,13,18
"2018-08-22",NA,9,18,22
"2018-08-23",NA,2,11,20
"2018-08-24",NA,4,6,15
"2018-08-25",NA,2,6,8
"2018-08-26",NA,1,3,7
"2018-08-27",NA,5,6,8
"2018-08-28",NA,7,12,13
"2018-08-29",NA,0,7,12
"2018-08-30",NA,5,5,12
"2018-08-31",NA,4,9,9
"2018-09-01",NA,5,9,14
"2018-09-02",NA,2,7,11
"2018-09-03",NA,5,7,12
"2018-09-04",NA,6,11,13
"2018-09-05",NA,6,12,17
"2018-09-06",NA,3,9,15
"2018-09-07",NA,2,5,11
"2018-09-08",NA,1,3,6
"2018-09-09",NA,0,1,3
"2018-09-10",NA,2,2,3
"2018-09-11",NA,3,5,5
"2018-09-12",NA,2,5,7
"2018-09-14",NA,0,2,6
"2018-09-15",NA,0,0,2
"2018-09-16",NA,1,1,1
"2018-09-17",NA,3,4,4
"2018-09-18",NA,2,5,6
"2018-09-19",NA,4,6,9
"2018-09-20",NA,0,4,6
"2018-09-21",NA,8,8,12
"2018-09-22",NA,0,8,8
"2018-09-23",NA,1,1,9
"2018-09-24",NA,6,7,7
"2018-09-25",NA,5,11,12
"2018-09-26",NA,6,11,17
"2018-09-27",NA,0,6,11
"2018-09-28",NA,3,3,9
"2018-09-29",NA,4,7,7
"2018-09-30",NA,5,9,12
"2018-10-01",NA,38,43,47
"2018-10-02",NA,12,50,55
"2018-10-03",NA,3,15,53
"2018-10-04",NA,7,10,22
"2018-10-05",NA,3,10,13
"2018-10-06",NA,4,7,14
"2018-10-07",NA,2,6,9
"2018-10-08",NA,0,2,6
"2018-10-09",NA,0,0,2
"2018-10-10",NA,0,0,0
"2018-10-11",NA,5,5,5
"2018-10-12",NA,1,6,6
"2018-10-13",NA,0,1,6
"2018-10-14",NA,4,4,5
"2018-10-15",NA,5,9,9
"2018-10-16",NA,6,11,15
"2018-10-17",NA,8,14,19
"2018-10-18",NA,0,8,14
"2018-10-19",NA,4,4,12
"2018-10-20",NA,0,4,4
"2018-10-21",NA,2,2,6
"2018-10-22",NA,6,8,8
"2018-10-23",NA,9,15,17
"2018-10-24",NA,1,10,16
"2018-10-25",NA,0,1,10
"2018-10-26",NA,0,0,1
"2018-10-27",NA,1,1,1
"2018-10-28",NA,15,16,16
"2018-10-29",NA,2,17,18
"2018-10-30",NA,3,5,20
"2018-10-31",NA,2,5,7
"2018-11-01",17,0,2,5
"2018-11-02",4,0,0,2
"2018-11-03",3,2,2,2
"2018-11-04",3,2,4,4
"2018-11-05",3,0,2,4
"2018-11-06",1,0,0,2
"2018-11-07",0,1,1,1
"2018-11-08",2,4,5,5
"2018-11-09",5,5,9,10
"2018-11-10",-1,1,6,10
"2018-11-11",1,3,4,9
"2018-11-12",6,5,8,9
"2018-11-13",7,2,7,10
"2018-11-14",8,1,3,8
"2018-11-15",9,2,3,5
"2018-11-16",7,0,2,3
"2018-11-17",1,0,0,2
"2018-11-18",2,1,1,1
"2018-11-19",4,2,3,3
"2018-11-20",7,3,5,6
"2018-11-21",11,4,7,9
"2018-11-22",10,2,6,9
"2018-11-23",12,2,4,8
"2018-11-24",12,3,5,7
"2018-11-25",17,5,8,10
"2018-11-26",17,0,5,8
"2018-11-27",15,0,0,5
"2018-11-28",17,2,2,2
"2018-11-29",18,1,3,3
"2018-11-30",18,0,1,3
"2018-12-01",18,0,0,1
"2018-12-02",18,0,0,0
"2018-12-03",17,0,0,0
"2018-12-04",16,0,0,0
"2018-12-05",16,1,1,1
"2018-12-06",16,1,2,2
"2018-12-07",19,4,5,6
"2018-12-08",25,6,10,11
"2018-12-09",31,6,12,16
"2018-12-10",34,4,10,16
"2018-12-11",53,19,23,29
"2018-12-12",54,2,21,25
"2018-12-13",70,16,18,37
"2018-12-14",99,29,45,47
"2018-12-15",107,8,37,53
"2018-12-16",124,17,25,54
"2018-12-17",130,6,23,31
"2018-12-18",151,21,27,44
"2018-12-19",160,9,30,36
"2018-12-20",194,34,43,64
"2018-12-21",195,1,35,44
"2018-12-22",196,1,2,36
"2018-12-23",199,3,4,5
"2018-12-24",199,0,3,4
"2018-12-25",198,0,0,3
"2018-12-26",199,2,2,2
"2018-12-27",198,1,3,3
"2018-12-28",203,6,7,9
"2018-12-29",225,22,28,29
"2018-12-30",222,0,22,28
"2018-12-31",221,0,0,22
"2019-01-01",221,0,0,0
"2019-01-02",228,11,11,11
"2019-01-03",260,32,43,43
"2019-01-04",283,23,55,66
"2019-01-05",291,8,31,63
"2019-01-06",292,1,9,32
"2019-01-07",292,2,3,11
"2019-01-08",293,2,4,5
"2019-01-09",309,16,18,20
"2019-01-10",321,12,28,30
"2019-01-11",323,2,14,30
"2019-01-12",323,0,2,14
"2019-01-13",323,0,0,2
"2019-01-14",325,2,2,2
"2019-01-15",326,1,3,3
"2019-01-16",326,1,2,4
"2019-01-17",328,2,3,4
"2019-01-18",329,2,4,5
"2019-01-19",345,23,25,27
"2019-01-20",352,8,31,33
"2019-01-21",352,0,8,31
"2019-01-22",365,13,13,21
"2019-01-23",366,2,15,15
"2019-01-24",368,2,4,17
"2019-01-25",369,1,3,5
"2019-01-26",373,6,7,9
"2019-01-27",370,8,14,15
"2019-01-28",371,2,10,16
"2019-01-29",373,3,5,13
"2019-01-30",378,6,9,11
"2019-01-31",377,3,9,12
"2019-02-01",384,8,11,17
"2019-02-02",388,18,26,29
"2019-02-03",382,0,18,26
"2019-02-04",381,2,2,20
"2019-02-05",380,0,2,2
"2019-02-06",381,2,2,4
"2019-02-07",384,3,5,5
"2019-02-08",392,8,11,13
"2019-02-09",382,3,11,14
"2019-02-10",394,13,16,24
"2019-02-11",384,1,14,17
"2019-02-12",391,7,8,21
"2019-02-13",396,6,13,14
"2019-02-14",398,2,8,15
"2019-02-15",393,1,3,9
"2019-02-16",389,1,2,4
"2019-02-17",379,1,2,3
"2019-02-18",393,15,16,17
"2019-02-19",404,11,26,27
"2019-02-20",397,1,12,27
"2019-02-21",400,12,13,24
"2019-02-22",409,13,25,26
"2019-02-23",396,0,13,25
"2019-02-24",399,3,3,16
"2019-02-25",403,5,8,8
"2019-02-26",394,7,12,15
"2019-02-27",407,14,21,26
"2019-02-28",406,1,15,22
"2019-03-01",404,3,4,18
"2019-03-02",399,2,5,6
"2019-03-03",399,5,7,10
"2019-03-04",400,4,9,11
"2019-03-05",412,12,16,21
"2019-03-06",420,8,20,24
"2019-03-07",408,1,9,21
"2019-03-08",408,2,3,11
"2019-03-09",403,6,8,9
"2019-03-10",404,6,12,14
"2019-03-11",428,24,30,36
"2019-03-12",425,4,28,34
"2019-03-13",410,2,6,30
"2019-03-14",421,11,13,17
"2019-03-15",421,3,14,16
"2019-03-16",423,4,7,18
"2019-03-17",422,8,12,15
"2019-03-18",431,13,21,25
"2019-03-19",436,8,21,29
"2019-03-20",438,11,19,32
"2019-03-21",435,7,18,26
"2019-03-22",443,10,17,28
"2019-03-23",422,0,10,17
"2019-03-24",426,5,5,15
"2019-03-25",438,15,20,20
"2019-03-26",432,1,16,21
"2019-03-27",431,3,4,19
"2019-03-28",432,5,8,9
"2019-03-29",428,3,8,11
"2019-03-30",435,8,11,16
"2019-03-31",442,10,18,21
"2019-04-01",444,11,21,29
"2019-04-02",453,12,23,33
"2019-04-03",451,2,14,25
"2019-04-04",443,8,10,22
"2019-04-05",455,12,20,22
"2019-04-06",448,8,20,28
"2019-04-07",440,3,11,23
"2019-04-08",453,14,17,25
"2019-04-09",448,1,15,18
"2019-04-10",455,8,9,23
"2019-04-11",456,3,11,12
"2019-04-12",463,9,12,20
"2019-04-13",473,14,23,26
"2019-04-14",470,3,17,26
"2019-04-15",471,2,5,19
"2019-04-16",468,1,3,6
"2019-04-17",460,3,4,6
"2019-04-18",474,15,18,19
"2019-04-19",474,1,16,19
"2019-04-20",472,13,14,29
"2019-04-21",471,15,28,29
"2019-04-22",473,8,23,36
"2019-04-23",464,0,8,23
"2019-04-24",454,8,8,16
"2019-04-25",456,14,22,22
"2019-04-26",455,13,27,35
"2019-04-27",447,4,17,31
"2019-04-28",455,9,13,26
"2019-04-29",455,10,19,23
"2019-04-30",458,16,26,35
