Feature,Importance
wind_daily_avg,4.85835915654252
wind_daily_max,5.167968083538504
wind_avg_dir,7.017073667678661
SWE_squam,7.60701079798183
daily_tot_precip_squam,12.680846441954449
two_day_tot_precip_squam,18.055879328479648
three_day_tot_precip_squam,17.619722555542204
daily_max_temp_squam,5.050827561440029
daily_min_temp_squam,5.438799987843316
daily_mean_temp_squam,5.108960912448067
two_day_max_temp_squam,5.443954483371301
two_day_min_temp_squam,5.852513800686489
two_day_mean_temp_squam,4.855023007553333
three_day_max_temp_squam,5.988447939110119
three_day_min_temp_squam,5.6910840249723575
three_day_mean_temp_squam,5.464685719637683
SWE_nos,7.589903588646635
daily_tot_precip_nos,5.262474425936484
two_day_tot_precip_nos,8.270597041268713
three_day_tot_precip_nos,8.90338083514888
daily_max_temp_nos,5.051801609030068
daily_min_temp_nos,5.525302095643372
daily_mean_temp_nos,4.868422905724026
two_day_max_temp_nos,4.8223984204963974
two_day_min_temp_nos,7.180660227472372
two_day_mean_temp_nos,5.38045433751845
three_day_max_temp_nos,5.085960772890061
three_day_min_temp_nos,5.678041970718408
three_day_mean_temp_nos,5.701787445428287
month,3.608104127907918
two_day_mean_wind,5.968586301445257
two_day_max_wind,5.734700135672633
three_day_mean_wind,6.219745572198987
three_day_max_wind,5.455952883391351
