date,danger_rating,wind_daily_avg,wind_daily_max,wind_avg_dir,SWE_squam,daily_tot_precip_squam,two_day_tot_precip_squam,three_day_tot_precip_squam,daily_max_temp_squam,daily_min_temp_squam,daily_mean_temp_squam,two_day_max_temp_squam,two_day_min_temp_squam,two_day_mean_temp_squam,three_day_max_temp_squam,three_day_min_temp_squam,three_day_mean_temp_squam,SWE_nos,daily_tot_precip_nos,two_day_tot_precip_nos,three_day_tot_precip_nos,daily_max_temp_nos,daily_min_temp_nos,daily_mean_temp_nos,two_day_max_temp_nos,two_day_min_temp_nos,two_day_mean_temp_nos,three_day_max_temp_nos,three_day_min_temp_nos,three_day_mean_temp_nos,month,two_day_mean_wind,two_day_max_wind,three_day_mean_wind,three_day_max_wind
2017-01-12T00:00:00Z,2,0.0843373493976,0.134238310709,0.318981481481,-0.48686262937275,-0.417820982430541,-0.506030744565487,-0.599380307639979,-0.321984212501352,-1.7546002625391,-0.872006445997984,-0.181280850444073,-1.7546002625391,-0.788863550236866,-0.181280850444073,-1.8825124098639,-0.953405085204675,-0.625435928913563,-0.720095196055045,-0.987863615820344,-1.21753460722181,-0.182159642669382,-0.182825214580444,-0.182492191597879,-0.182159642669382,-0.183081203777006,-0.182694494171273,-0.182159642669382,-0.183081203777006,-0.182703777730099,-1.57741233933088,0.0843373493976,0.134238310709,0.0843373493976,0.134238310709
2017-02-27T00:00:00Z,1,0.0738437621454,0.156862745098,0.38275462963,0.335833042207835,-0.473133078405815,-0.541919401985969,-0.627087170807873,-0.897588875462946,-1.35807260583222,-1.1150395259151,-0.859215231265506,-1.35807260583222,-1.0198160384622,-0.859215231265506,-1.35807260583222,-1.04255597576438,0.297388756532812,-0.553154033912378,-0.474255909261842,0.235995957710547,-0.182199463211069,-0.182779705389944,-0.18252608646372,-0.182028803746694,-0.182779705389944,-0.182388373757051,-0.181966228609757,-0.182779705389944,-0.182378339612618,-1.28682298024836,0.06490478041200001,0.180995475113,0.0713823034072,0.180995475113
2018-02-16T00:00:00Z,2,0.106659456902,0.279034690799,0.560748792271,0.968269329354366,-0.030636310603626,-0.290698800042597,-0.0175361811142139,-0.309192997768872,-1.4348198942271,-1.15288020283202,-0.309192997768872,-1.67785297414422,-1.20239416311253,-0.117324776781674,-1.67785297414422,-1.1597103835193,0.970801364831518,1.11625758751428,0.14207333860836,-0.146512085692705,-0.181886587526382,-0.182091378883632,-0.181978791042551,-0.181886587526382,-0.182535093491006,-0.182068150234314,-0.181818323740632,-0.182535093491006,-0.182044052485872,-1.28682298024836,0.06239716969305001,0.279034690799,0.05912369934453333,0.279034690799
2018-01-16T00:00:00Z,3,0.165824588677,0.476621417798,0.433950617284,-0.12219880920748,0.356548361223289,-0.075366855519707,-0.266897949625256,0.355950168320081,-0.628973366080869,-0.254830335155832,0.739686610294477,-0.628973366080869,-0.0701571724556543,0.969928475479114,-0.628973366080869,-0.0867679860318608,0.0230354716703759,-0.386212871769712,-0.576977450573543,-0.83502656381856,-0.18142580697257,-0.181750059954882,-0.181628465086515,-0.181329099942758,-0.181892276175195,-0.181679307385277,-0.181329099942758,-0.181892276175195,-0.18168290229529,-1.57741233933088,0.1362420227895,0.476621417798,0.09687297602103333,0.476621417798
2016-03-12T00:00:00Z,4,0.130415856976,0.128205128205,0.482060185185,1.31355487888283,1.96059914450622,1.50373407098149,2.86397758834672,-0.347566641966312,-0.846424016533026,-0.711583294561468,-0.347566641966312,-1.0510834522527,-0.731836051221227,-0.347566641966312,-1.0510834522527,-0.718867180728574,1.29004882358053,0.448492938943619,1.37473183434876,2.76054904417201,-0.181687484817945,-0.181875210228757,-0.181781821577419,-0.181511136704758,-0.181966228609757,-0.181786088064028,-0.181511136704758,-0.181966228609757,-0.181781584550385,-0.99623362116584,0.14231906588450002,0.150829562594,0.1243870855087,0.150829562594
2016-02-02T00:00:00Z,2,0.030229304314,0.0645248868778,0.313194444444,0.198423486783241,-0.473133078405815,-0.613696716826932,-0.488552854968405,-0.590599721883429,-1.78018269200406,-1.38472096985822,-0.590599721883429,-1.78018269200406,-1.26533629902174,-0.590599721883429,-1.78018269200406,-1.18006153413854,0.437059519735506,-0.386212871769712,-0.576977450573543,-0.605521737776608,-0.181755748603695,-0.182449763758819,-0.182247816725975,-0.181755748603695,-0.182449763758819,-0.182248883347628,-0.181755748603695,-0.182449763758819,-0.182165963390285,-1.28682298024836,0.17251846094050002,0.307692307692,0.14056354450056666,0.307692307692
2016-01-04T00:00:00Z,2,0.0639098328799,0.0825339366516,0.245486111111,-0.305411549773606,-0.473133078405815,-0.613696716826932,-0.68250089714366,-0.667347010278308,-1.47319353842454,-1.18805604334634,-0.245236924106473,-1.47319353842454,-1.09558622017612,0.253620450460242,-1.47319353842454,-0.970072425613665,-0.186470673133666,-0.219271709627046,-0.576977450573543,-0.83502656381856,-0.182216529157507,-0.182859346473319,-0.182654081062001,-0.182216529157507,-0.182859346473319,-0.182558914707909,-0.182051558341944,-0.182859346473319,-0.182451264930033,-1.57741233933088,0.08383987563145004,0.146304675716,0.07845834952706666,0.146304675716
2017-04-18T00:00:00Z,3,0.293043140303,0.42383107089,0.568634259259,1.54433246555747,0.577796745124384,0.211742403844146,-0.0452430442821075,-0.194072065176553,-0.373149071431271,-0.29000617567015,0.4710711009124,-0.385940286163751,-0.148592190572179,0.547818389307279,-0.47547878929111,0.0269317004790718,1.19527223426442,-0.887036358197711,-0.987863615820344,-0.223013694373356,-0.181477004811883,-0.181732994008445,-0.181639368330072,-0.181420118323758,-0.18183538968707,-0.181661885898289,-0.181391675079695,-0.182159642669382,-0.181715691034973,-0.705644262083319,0.15612903225800004,0.42383107089,0.12538929913196667,0.42383107089
2016-12-04T00:00:00Z,3,0.0699572483482,0.187028657617,0.421296296296,-0.932562854019191,0.0246757853716476,-0.00358954067874363,0.564307945411552,-0.935962519660385,-1.70343540360918,-1.20777583272558,-0.692929439743268,-1.70343540360918,-1.03216311379424,-0.692929439743268,-1.70343540360918,-1.00738013525006,-1.14421304938071,-0.887036358197711,-0.885142074508644,-0.452518520415307,-0.181897964824007,-0.182387188621882,-0.182131436452353,-0.181750059954882,-0.182387188621882,-0.181983650096745,-0.181613532383382,-0.182387188621882,-0.181903495454797,1.61907061057685,0.18344345122410005,0.438914027149,0.1281267003497,0.438914027149
2018-01-19T00:00:00Z,3,0,0,0.52650462963,0.08215386296243,1.13091770487712,1.71906601550438,2.5037883671641,-0.833632801800546,-0.987127378590305,-0.934896585099345,-0.539434862953509,-0.987127378590305,-0.831767416318726,-0.539434862953509,-0.987127378590305,-0.798812272806573,0.202612167216697,-0.720095196055045,0.758402586478562,1.46002169660096,-0.181795569145382,-0.181960539960945,-0.181882558066806,-0.18169886211557,-0.181960539960945,-0.181847261649809,-0.181636286978632,-0.181960539960945,-0.181820599200157,-1.57741233933088,0.019432568985600075,0.0389592760181,0.023715507190033347,0.0959426847662
2018-01-13T00:00:00Z,3,0.0093276331131,0.123680241327,0.36412037037,-0.129245453075408,0.301236265248016,0.032299116741738,-0.211484223289469,-0.309192997768872,-0.859215231265506,-0.670544813961428,-0.309192997768872,-1.46040232369206,-0.833099834520026,-0.309192997768872,-1.46040232369206,-0.942180471266452,0.0180472301274225,-0.219271709627046,0.24479487992006,-0.223013694373356,-0.181505448055945,-0.181818323740632,-0.181696254818197,-0.181505448055945,-0.183012939991256,-0.182086282802404,-0.181505448055945,-0.183012939991256,-0.182284002853144,-1.57741233933088,0.018161678973950074,0.123680241327,0.012107785982633346,0.123680241327
2017-03-08T00:00:00Z,3,0.257675864749,0.420814479638,0.511805555556,0.547232358245673,0.135299977322195,0.319408376105591,0.204118724228935,-0.769676728138147,-1.21736924377494,-0.913577893878543,-0.769676728138147,-1.21736924377494,-0.948753734392863,-0.769676728138147,-1.3069077469023,-1.01819175722633,0.412118312020739,-0.386212871769712,0.14207333860836,-0.376016911734657,-0.182011737800257,-0.182262038348007,-0.182145421047351,-0.181960539960945,-0.182296170240882,-0.182159761182899,-0.181960539960945,-0.182370122675444,-0.182185162580027,-0.99623362116584,0.13710066070720006,0.420814479638,0.09140044047146667,0.420814479638
2016-03-09T00:00:00Z,2,0.128359891178,0.180150829563,0.23587962963,1.08630061414216,-0.473133078405815,-0.541919401985969,-0.183777360121575,-0.411522715628711,-0.999918593322784,-0.830434998117426,-0.385940286163751,-0.999918593322784,-0.819242685226506,-0.0533687031192747,-0.999918593322784,-0.758839726767574,1.12044861112012,1.11625758751428,0.963845669101963,0.235995957710547,-0.181397363728508,-0.181937785365695,-0.181782058604453,-0.181397363728508,-0.181937785365695,-0.181796754280551,-0.181374609133258,-0.181937785365695,-0.181774631757392,-0.99623362116584,0.06417994558900009,0.180150829563,0.12699442933033334,0.251885369532
2016-11-22T00:00:00Z,3,0.146828604742,0.13197586727,0.4875,-1.34655318125996,1.68403866462986,1.25251346903811,1.86653051430255,-0.539434862953509,-0.859215231265506,-0.745693200514747,-0.424313930361191,-0.859215231265506,-0.626575013318528,-0.424313930361191,-0.859215231265506,-0.611563101583882,-1.41856633424315,1.61708107394228,0.655681045166862,0.388999175071848,-0.181732994008445,-0.18185814428232,-0.181805998334872,-0.181681796169132,-0.18185814428232,-0.181755748603695,-0.181613532383382,-0.18185814428232,-0.181754089414458,1.32848125149433,0.21039448115050008,0.600301659125,0.18304961782633336,0.600301659125
2016-11-27T00:00:00Z,3,0.0602409638554,0.269984917044,0.369328703704,-1.04530915590604,-0.196572598529447,0.498851663208,0.647428534915232,-0.795259157603107,-1.01270980805526,-0.920506468525305,-0.654555795545828,-1.01270980805526,-0.904517450109705,-0.654555795545828,-1.08945709645014,-0.904695105869879,-1.20906018943911,-0.720095196055045,-0.166091285326741,-0.299515303054006,-0.181875210228757,-0.182267726996819,-0.182034729422541,-0.181875210228757,-0.182267726996819,-0.182001782664835,-0.181869521579945,-0.182267726996819,-0.182010157620031,1.32848125149433,0.10353478429870008,0.269984917044,0.1603433087188,0.600301659125
2016-11-26T00:00:00Z,3,0.0501360279829,0.307692307692,0.491203703704,-1.05235579977397,0.964981416951299,0.965404209674261,2.86397758834672,-0.654555795545828,-1.01270980805526,-0.888528431694105,-0.654555795545828,-1.08945709645014,-0.896789424542165,-0.654555795545828,-1.08945709645014,-0.886574218332199,-1.21903667252502,0.448492938943619,0.0393517972966596,1.30701847923965,-0.181915030770445,-0.182034492395507,-0.181968835907129,-0.181869521579945,-0.182216529157507,-0.181997871718776,-0.181795569145382,-0.182216529157507,-0.181949399690353,1.32848125149433,0.05518849591915009,0.307692307692,0.08573519886010002,0.307692307692
2016-11-25T00:00:00Z,3,0.0800621842208,0.16742081448,0.349652777778,-1.09639732394851,0.52248464914911,3.08283499748268,3.25187367269723,-0.718511869208228,-1.08945709645014,-0.905050417390225,-0.718511869208228,-1.08945709645014,-0.885597111651246,-0.718511869208228,-1.08945709645014,-0.867032084713132,-1.2639308464116,-0.386212871769712,1.47745337566047,1.00101204451705,-0.181869521579945,-0.182216529157507,-0.182026907530424,-0.181795569145382,-0.182216529157507,-0.181939681581965,-0.181761437252507,-0.182216529157507,-0.181907919959429,1.32848125149433,0.06509910610185009,0.307692307692,0.06347972535303335,0.307692307692
2016-02-07T00:00:00Z,3,0.0285036921881,0.0590799396682,0.394328703704,0.388682871217295,-0.417820982430541,0.606517635469445,1.70028933529519,-0.667347010278308,-1.39644625002966,-1.10811095126834,-0.641764580813348,-1.39644625002966,-1.01270980805526,-0.641764580813348,-1.39644625002966,-0.937028454221425,0.53183610905162,0.281551776800953,0.0393517972966596,1.68952652264291,-0.181579400490507,-0.182114133478882,-0.181894883472567,-0.181579400490507,-0.182114133478882,-0.181881728472188,-0.181579400490507,-0.182114133478882,-0.181821405092072,-1.28682298024836,0.016572094830935122,0.0590799396682,0.028278274387856687,0.22322775264
2016-04-03T00:00:00Z,2,0.080862806063,0.107677224736,0.41087962963,1.44744111237346,-0.362508886455268,-0.434253429724524,-0.405432265464724,0.854807542886796,-0.47547878929111,0.0532247529847243,1.14900548173383,-0.47547878929111,0.147826445277023,1.69902771523047,-0.47547878929111,0.266234009432549,1.45964903604095,0.615434101086286,0.14207333860836,0.159494349029897,-0.181090176692633,-0.181624909681007,-0.181431495621383,-0.181090176692633,-0.181624909681007,-0.181381956971307,-0.180839876144883,-0.181778503198945,-0.181392939223876,-0.705644262083319,0.16596579867850014,0.301659125189,0.25285647498833336,0.37556561086
2019-01-14T00:00:00Z,3,0.12125923047,0.123680241327,0.278703703704,0.395729515085223,-0.307196790479994,-0.434253429724524,-0.516259718136299,1.03388454914151,-0.846424016533026,-0.321451245220832,1.03388454914151,-0.846424016533026,-0.231113291172692,1.03388454914151,-0.846424016533026,-0.277747928218192,0.077906128642863,-0.720095196055045,-1.09058515713204,-1.29403621590246,-0.18163059832982,-0.182080001586007,-0.181904364553921,-0.181459938865445,-0.182080001586007,-0.181750771035984,-0.181459938865445,-0.182080001586007,-0.181701390403931,-1.57741233933088,0.3940924990280002,0.481146304676,0.514315325819,0.831070889894
2018-03-28T00:00:00Z,3,0.141857753595,0.265460030166,0.575810185185,1.48795931461405,-0.307196790479994,0.678294950310408,0.70284226125102,-0.00220384418935523,-1.03829223752022,-0.640165678971788,-0.00220384418935523,-1.03829223752022,-0.679072290449748,-0.00220384418935523,-1.14062195538006,-0.780158417988373,1.27009585740872,-0.887036358197711,-0.0633697440150408,0.235995957710547,-0.181613532383382,-0.18197191725857,-0.181766177793184,-0.181482693460695,-0.18197191725857,-0.181708580223958,-0.181482693460695,-0.18197191725857,-0.181743265179912,-0.99623362116584,0.1500194325690002,0.671191553544,0.14367146003366668,0.671191553544
2018-12-24T00:00:00Z,2,0.0897784687136,0.131221719457,0.294560185185,-0.284271618169822,-0.417820982430541,0.857738237412816,0.758255987586807,-0.692929439743268,-1.1789955995775,-0.938094388782465,-0.692929439743268,-1.1789955995775,-0.931165814135705,-0.692929439743268,-1.92088605406133,-1.10846626278869,-0.550612305769263,-1.05397752034038,-0.987863615820344,-1.14103299854116,-0.18183538968707,-0.182125510776507,-0.181949873744421,-0.181761437252507,-0.182125510776507,-0.181880069282951,-0.181761437252507,-0.182313236187319,-0.181942367888349,1.61907061057685,0.08219976680920019,0.196078431373,0.05479984453946668,0.196078431373
2018-12-27T00:00:00Z,2,0.00233190827827,0.0648567119155,0.338425925926,-0.270178330433966,-0.417820982430541,-0.183032827781152,-0.377725402296831,-0.731303083940707,-1.95925969825877,-1.45453968360634,-0.731303083940707,-1.95925969825877,-1.38498745349848,-0.398731500896231,-1.95925969825877,-1.37850301825215,-0.555600547312216,-0.887036358197711,-0.987863615820344,-1.21753460722181,-0.181932096716882,-0.182540782139819,-0.18231821375503,-0.18185814428232,-0.182540782139819,-0.182183819426835,-0.18185814428232,-0.18259197997913101,-0.182270413303203,1.61907061057685,0.006218422075385196,0.227752639517,0.024614587381790013,0.227752639517
2019-04-27T00:00:00Z,1,0.282549553051,0.41628959276,0.626157407407,1.21314020376486,-0.25188469450472,-0.183032827781152,-0.100656770617895,0.0105873705431246,-1.15341317011254,-0.563951357857429,0.522235959842319,-1.15341317011254,-0.342236969161111,0.522235959842319,-1.15341317011254,-0.300487865520378,0.686471596883175,-0.386212871769712,0.450237962543461,0.924510435836402,-0.181590777788132,-0.182102756181257,-0.1818643069852,-0.181340477240383,-0.182102756181257,-0.181791184145256,-0.181323411293945,-0.182102756181257,-0.181778740225979,-0.705644262083319,0.2734162456275002,0.41628959276,0.231118020469,0.41628959276
2015-12-13T00:00:00Z,3,0.0253711620676,0.13197586727,0.691203703704,-0.541474119349191,2.56903220023423,2.14972990455016,2.19901287231727,-0.641764580813348,-0.961544949125345,-0.877869086083706,-0.641764580813348,-1.29411653216982,-0.955948792679885,-0.155698420979114,-1.29411653216982,-0.887817808653412,-0.400965059480661,-0.386212871769712,0.14207333860836,-0.376016911734657,-0.18188089887757,-0.182068624288382,-0.181982109421025,-0.18181263509182,-0.182068624288382,-0.181940985230652,-0.181761437252507,-0.182068624288382,-0.181922457617505,1.61907061057685,0.19690633501730018,0.429864253394,0.13127089001153333,0.429864253394
2019-03-03T00:00:00Z,2,0.546055188496,0.432880844646,0.190740740741,0.76743997911842,-0.417820982430541,-0.57780805940645,-0.599380307639979,-1.29411653216982,-2.52207314648789,-1.86918822785089,-0.974336163857825,-2.52207314648789,-1.68877880339488,-0.616182151348389,-2.52207314648789,-1.61194268711991,0.447036002821413,-0.219271709627046,-0.576977450573543,-0.682023346457259,-0.182427009163569,-0.183223419997318,-0.182867642419503,-0.182006049151444,-0.183223419997318,-0.182636541061496,-0.181915030770445,-0.183223419997318,-0.182498670336804,-0.99623362116584,0.31014380101055017,0.432880844646,0.23552273610576666,0.432880844646
2015-11-26T00:00:00Z,2,0.0343621892901,0.060754147813,0.324637681159,-1.21619026970329,-0.25188469450472,-0.36247611488356,-0.322311675961043,0.765269039759436,-0.910380090195426,-0.46481944368071,0.765269039759436,-1.31969896163478,-0.629772817001648,0.765269039759436,-1.4987759678895,-0.804319601371946,-1.1242600832089,-0.887036358197711,-1.09058515713204,-1.29403621590246,-0.181954851312132,-0.182358745377819,-0.182244972401569,-0.181954851312132,-0.182694375657756,-0.182383633216374,-0.181954851312132,-0.182694375657756,-0.182346261954036,1.32848125149433,0.03677689721015018,0.089245852187,0.06766600764910001,0.214509803922
2015-11-27T00:00:00Z,3,0.0275359502526,0.0293212669683,0.373842592593,-1.21795193067027,-0.307196790479994,-0.36247611488356,-0.433139128632618,1.23854398486119,-0.820841587068066,-0.329445754428632,1.23854398486119,-0.910380090195426,-0.397132599054671,1.23854398486119,-1.31969896163478,-0.529663796143976,-1.1242600832089,-1.05397752034038,-1.19330669844375,-1.29403621590246,-0.18197191725857,-0.182324613484944,-0.182194485643358,-0.181954851312132,-0.182358745377819,-0.182219729022464,-0.181954851312132,-0.182694375657756,-0.182320584025369,1.32848125149433,0.030949069771350177,0.060754147813,0.03369658155763334,0.089245852187
2018-12-18T00:00:00Z,4,0,0,0.475115740741,-0.544997441283155,2.51372010425896,2.75983708069834,3.44582171487249,-0.603390936615909,-0.884797660730466,-0.772341564540747,-0.552226077685989,-0.884797660730466,-0.700923948951067,-0.552226077685989,-1.14062195538006,-0.756885513405667,-0.790047899831025,2.45178688465561,1.47745337566047,1.91903134868486,-0.18176712590132,-0.18181263509182,-0.181793435902077,-0.18169886211557,-0.18181263509182,-0.181772221982548,-0.181681796169132,-0.181988983205007,-0.181794146983179,1.61907061057685,0.06151796124600017,0.239819004525,0.06339311161703333,0.239819004525
2015-12-07T00:00:00Z,4,0.00842207539837,0.0641025641026,0.522337962963,-0.839194822769146,1.07560560890185,2.90339171038027,3.63976975704774,-0.437105145093671,-0.654555795545828,-0.540500797514549,-0.437105145093671,-0.820841587068066,-0.642297548093868,-0.437105145093671,-0.846424016533026,-0.686889143897374,-0.655365378171283,2.78566920894095,3.22371957795937,2.68404743549136,-0.18158508913932,-0.18172161671082,-0.18167918887176,-0.18158508913932,-0.181761437252507,-0.181703721169764,-0.18158508913932,-0.18181263509182,-0.181728490494802,1.61907061057685,0.049337349397585176,0.133650075415,0.06891436714605667,0.155022624434
2016-03-21T00:00:00Z,3,0.0287213369607,0.0779336349925,0.491435185185,1.41573121496779,0.301236265248016,0.032299116741738,-0.211484223289469,-0.258028138838952,-0.577808507150949,-0.45042932710667,0.0617522294730441,-0.577808507150949,-0.356360602094891,0.598983248237198,-0.987127378590305,-0.374925629033004,1.36986068826779,-0.887036358197711,0.0393517972966596,-0.146512085692705,-0.181340477240383,-0.181829701038257,-0.181588407517794,-0.181249458859383,-0.181829701038257,-0.181547046300386,-0.181249458859383,-0.181909342121632,-0.181575766075988,-0.99623362116584,0.04506995724835018,0.0971945701357,0.030046638165566675,0.0971945701357
2016-03-27T00:00:00Z,3,0.0359541391372,0.0657767722474,0.585069444444,1.4826743317131,-0.141260502554173,-0.326587457463079,-0.350018539128937,-0.0149950589218352,-0.795259157603107,-0.51225353164699,0.138499517867923,-0.987127378590305,-0.52371232817817,0.138499517867923,-1.08945709645014,-0.570169309463496,1.37983717135369,-0.887036358197711,0.347516421231761,0.159494349029897,-0.181505448055945,-0.181863832931132,-0.181717587251244,-0.18135754318682001,-0.181863832931132,-0.181702891575145,-0.18135754318682001,-0.182188085913444,-0.181733705089546,-0.99623362116584,0.03832296929655017,0.0821116138763,0.03865008420780001,0.0821116138763
2016-03-28T00:00:00Z,3,0.0522541780023,0.0674509803922,0.522337962963,1.47915100977914,-0.141260502554173,-0.183032827781152,-0.322311675961043,0.45827988617992,-1.19178681430998,-0.51225353164699,0.45827988617992,-1.19178681430998,-0.51225353164699,0.45827988617992,-1.19178681430998,-0.519892729334443,1.36986068826779,0.114610614658287,-0.474255909261842,0.312497566391198,-0.181385986430883,-0.182040181044319,-0.181818086713598,-0.181385986430883,-0.182040181044319,-0.181767836982421,-0.18135754318682001,-0.182040181044319,-0.18174128995463,-0.99623362116584,0.044104158569750175,0.0674509803922,0.04296670553180001,0.0821116138763
2017-02-02T00:00:00Z,2,0.409638554217,0.437405731523,0.168981481481,-0.0675873192310383,-0.362508886455268,-0.434253429724524,-0.516259718136299,-0.232445709373993,-0.897588875462946,-0.495944732863076,-0.232445709373993,-1.4987759678895,-0.801654764969346,-0.232445709373993,-1.6266881152143,-0.927435043172064,-0.171505948504806,0.114610614658287,-0.166091285326741,-0.376016911734657,-0.182307547538507,-0.182956053503131,-0.182673517278777,-0.182307547538507,-0.182956053503131,-0.182676717143734,-0.182159642669382,-0.182956053503131,-0.182611732231952,-1.28682298024836,0.23310532452395016,0.437405731523,0.21383080709930002,0.437405731523
2016-02-29T00:00:00Z,2,0.0418927322192,0.0603318250377,0.458796296296,0.774486622986348,0.52248464914911,1.21662481161763,0.841376577090488,-0.44989635982615,-1.0510834522527,-0.769676728138147,-0.334775427233832,-1.0510834522527,-0.703588785353668,0.151290732600403,-1.0510834522527,-0.608542953660935,0.746330495398616,-0.720095196055045,-0.166091285326741,-0.299515303054006,-0.18153957994882,-0.18190365347282,-0.181769970225726,-0.18153957994882,-0.18190365347282,-0.181724579548743,-0.18131203399632,-0.181994671853819,-0.181715770043985,-1.28682298024836,0.06292071511855017,0.0754147812971,0.06742453685710002,0.0838009049774
2017-01-28T00:00:00Z,2,0.531675087447,0.450980392157,0.42037037037,-0.0728723021319843,-0.417820982430541,-0.541919401985969,-0.654794033975767,-0.206863279909033,-0.48827000402359,-0.34756664196631,-0.206863279909033,-0.680138225010788,-0.414080958575205,-0.206863279909033,-0.718511869208228,-0.504898583175813,-0.28124726244978,0.949316425371618,0.552959503855162,0.00649113166859588,-0.181459938865445,-0.181755748603695,-0.181596940491013,-0.181459938865445,-0.181806946443007,-0.181661648871255,-0.181459938865445,-0.182205151859882,-0.181759541036236,-1.57741233933088,0.4226583754375001,0.450980392157,0.30742971887566667,0.450980392157
2018-12-06T00:00:00Z,2,0.0691799455888,0.10558069381600001,0.373842592593,-1.28137172548162,-0.307196790479994,-0.434253429724524,-0.488552854968405,0.39432381251752,-1.53714961208694,-1.10011644206054,0.39432381251752,-1.53714961208694,-1.08732522732806,0.39432381251752,-1.97205091299125,-1.20973004608749,-1.46346050812973,-0.887036358197711,-1.09058515713204,-1.29403621590246,-0.182216529157507,-0.182540782139819,-0.182434119974584,-0.182114133478882,-0.182540782139819,-0.182409113622513,-0.182011737800257,-0.182563536735069,-0.182393509342784,1.61907061057685,0.13311309755140016,0.334841628959,0.10649047804113336,0.334841628959
2018-02-15T00:00:00Z,2,0.172763987225,0.20060331825,0.398550724638,0.95417604161851,-0.417820982430541,-0.00358954067874363,-0.128363633785788,-0.680138225010788,-1.67785297414422,-1.272296224685,-0.117324776781674,-1.67785297414422,-1.16370853806795,-0.117324776781674,-1.67785297414422,-1.21579494042325,0.960824881745611,-0.887036358197711,-0.885142074508644,0.312497566391198,-0.181897964824007,-0.182535093491006,-0.182157509426077,-0.181818323740632,-0.182535093491006,-0.182076683207533,-0.18165335292507,-0.182535093491006,-0.181974603564953,-1.28682298024836,0.27060274759600017,0.586726998492,0.20346181359360002,0.586726998492
2015-11-03T00:00:00Z,2,0.0105790905558,0.0297435897436,0.364930555556,-1.5773307679346,-0.25188469450472,-0.254810142622115,-0.266897949625256,0.189664376797843,-1.03829223752022,-0.577275539870429,0.189664376797843,-1.03829223752022,-0.586602467279529,0.189664376797843,-1.03829223752022,-0.557911062011536,-1.51833116510222,-0.720095196055045,-0.782420533196943,-0.452518520415307,-0.181818323740632,-0.182119822127694,-0.182007945367715,-0.181738682657257,-0.182119822127694,-0.181973576447807,-0.181596466436945,-0.182119822127694,-0.18189259221124,1.32848125149433,0.008422075398380163,0.0360331825038,0.07259230470258671,0.345399698341
2015-11-06T00:00:00Z,2,0.0167392149242,0.0670286576169,0.371875,-1.56852246309969,-0.030636310603626,-0.218921485201634,-0.377725402296831,-0.577808507150949,-0.808050372335587,-0.696660210706908,-0.168489635711593,-0.820841587068066,-0.670278330321168,-0.168489635711593,-1.03829223752022,-0.734500887623827,-1.50336644047336,-0.386212871769712,-0.679698991885243,-0.758524955137909,-0.181459938865445,-0.18194916266332,-0.181725883197429,-0.181459938865445,-0.182102756181257,-0.18179450252373,-0.181459938865445,-0.182102756181257,-0.18181571644326,1.32848125149433,0.013659152740000163,0.0670286576169,0.011194455240320042,0.0670286576169
2016-01-31T00:00:00Z,3,9.71628449281e-4,0.0272398190045,0.458912037037,0.214278435486079,-0.030636310603626,0.175853746423665,0.148704997893148,-0.667347010278308,-1.1150395259151,-1.00951200437214,-0.667347010278308,-1.19178681430998,-1.05614664141764,-0.667347010278308,-1.19178681430998,-0.994588920517584,0.412118312020739,-0.386212871769712,-0.782420533196943,-0.529020129095958,-0.181772814550132,-0.182267726996819,-0.182000123475598,-0.181772814550132,-0.182267726996819,-0.181955206852683,-0.181755748603695,-0.182267726996819,-0.181916689959682,-1.57741233933088,0.13437621453564066,0.481146304676,0.09674698795186037,0.481146304676
2018-01-24T00:00:00Z,4,0.101049358725,0.532428355958,0.382523148148,0.460910970863556,1.02029351292657,1.10895883935619,1.25697952460889,-0.52664364822103,-0.923171304927905,-0.786198713834267,-0.52664364822103,-1.1150395259151,-0.913577893878545,-0.52664364822103,-1.1150395259151,-0.927612698932238,0.641577422996595,-0.887036358197711,0.963845669101963,0.771507218475101,-0.181801257794195,-0.181983294556194,-0.181870943742148,-0.181801257794195,-0.182017426449069,-0.181914912256928,-0.181801257794195,-0.182091378883632,-0.181935099059311,-1.57741233933088,0.1605130198210002,0.567119155354,0.1256639461068667,0.567119155354
2018-01-21T00:00:00Z,4,0,0.378582202112,0.441087962963,0.339356364141799,6.33025472655284,4.62604726656339,4.13849329406982,-0.718511869208228,-1.0510834522527,-0.930099879574665,-0.718511869208228,-1.06387466698518,-0.963143850966905,-0.718511869208228,-1.06387466698518,-0.953728095677718,0.496918418250947,8.62860988393427,4.76454269763488,3.21955869625592,-0.181801257794195,-0.18194916266332,-0.181874025093588,-0.181801257794195,-0.18194916266332,-0.181871417796215,-0.181795569145382,-0.181960539960945,-0.181875131219746,-1.57741233933088,1.6653345369377348e-16,0.378582202112,0.02536727555383339,0.378582202112
2018-12-05T00:00:00Z,2,0.265837543723,0.349924585219,0.135069444444,-1.27961006451464,-0.362508886455268,-0.434253429724524,-0.488552854968405,0.0361698000080843,-1.52435839735446,-1.07453401259558,0.0361698000080843,-1.97205091299125,-1.26453684810096,0.0361698000080843,-1.97205091299125,-1.31952130587461,-1.46346050812973,-0.887036358197711,-1.19330669844375,-1.37053782458311,-0.182114133478882,-0.182523716193381,-0.182384107270441,-0.182011737800257,-0.182563536735069,-0.182373204026884,-0.182011737800257,-0.182597668627944,-0.182391139072446,1.61907061057685,0.13291877186150017,0.349924585219,0.08861251457433339,0.349924585219
2019-04-22T00:00:00Z,2,0.289933929265,0.307692307692,0.537962962963,1.24132677923657,0.301236265248016,0.175853746423665,0.287239313732616,0.125708303135443,-0.616182151348389,-0.375813907833871,0.317576524122641,-0.628973366080869,-0.269753419010392,0.688521751364557,-0.744094298673187,-0.247191137468379,0.816165876999963,0.281551776800953,1.06656721041366,1.30701847923965,-0.181391675079695,-0.181624909681007,-0.181544557516531,-0.181346165889195,-0.181846766984695,-0.181569208328052,-0.181346165889195,-0.182057246990757,-0.181632020492023,-0.705644262083319,0.16498251068770017,0.307692307692,0.18519885995580007,0.307692307692
2018-12-03T00:00:00Z,2,0.232413525068,0.279034690799,0.17037037037,-1.28665670838257,-0.307196790479994,-0.470142087145005,-0.543966581304192,-0.552226077685989,-1.8825124098639,-1.4294902214219,-0.0661599178517545,-1.8825124098639,-1.25520992069186,0.279202879925202,-1.8825124098639,-1.10615673790644,-1.45847226658678,-1.05397752034038,-1.29602823975545,-1.44703943326376,-0.182307547538507,-0.182597668627944,-0.182427009163569,-0.182006049151444,-0.182597668627944,-0.182255046050508,-0.181932096716882,-0.182597668627944,-0.182199147175024,1.61907061057685,0.18247182277500018,0.279034690799,0.2304702681693334,0.460030165913
2018-02-03T00:00:00Z,3,0.105324523902,0.32730015083,0.425115740741,0.853761366500538,0.0246757853716476,0.462963005787518,0.481187355907871,-0.398731500896231,-0.782467942870627,-0.564484325137949,-0.309192997768872,-1.03829223752022,-0.691863505182228,-0.309192997768872,-1.25574288797238,-0.824927669552053,0.890989500144264,-0.386212871769712,-0.268812826638442,-0.682023346457259,-0.181488382109508,-0.181852455633507,-0.181580585625677,-0.181488382109508,-0.18190365347282,-0.181636049951599,-0.181488382109508,-0.182091378883632,-0.181751245090052,-1.28682298024836,0.12184220754000018,0.32730015083,0.1586993133826667,0.32730015083
2018-02-06T00:00:00Z,2,0.020209871745,0.0995475113122,0.400810185185,0.897802890675087,-0.417820982430541,-0.398364772304042,0.0101706820536797,-0.373149071431271,-0.974336163857825,-0.723841542013427,-0.373149071431271,-0.974336163857825,-0.626575013318528,-0.321984212501352,-0.974336163857825,-0.596640017729322,0.920918949401984,-0.720095196055045,-0.987863615820344,0.0829927403492464,-0.18151682535357,-0.182182397264632,-0.181958643744674,-0.18151682535357,-0.182205151859882,-0.181933992933153,-0.181511136704758,-0.182307547538507,-0.181925934014002,-1.28682298024836,0.14865915274000016,0.41628959276,0.14950123072933338,0.41628959276
2018-02-04T00:00:00Z,2,0.247570928877,0.333333333333,0.473263888889,0.888994585840177,0.633108841099657,0.427074348367036,0.675135398083126,-0.321984212501352,-0.616182151348389,-0.536770026550909,-0.321984212501352,-0.782467942870627,-0.550627175844429,-0.309192997768872,-1.03829223752022,-0.640165678971788,0.970801364831518,1.78402223608495,0.861124127790263,0.6185040011138,-0.181511136704758,-0.182307547538507,-0.1819098161757,-0.181488382109508,-0.182307547538507,-0.181745200900688,-0.181488382109508,-0.182307547538507,-0.181727305359632,-1.28682298024836,0.16639578843240016,0.333333333333,0.11766714953660005,0.333333333333
2017-02-07T00:00:00Z,2,0.126700349786,0.197586726998,0.292361111111,0.0204957291180607,-0.362508886455268,-0.470142087145005,-0.183777360121575,-0.641764580813348,-1.46040232369206,-0.889914146623456,-0.641764580813348,-1.46040232369206,-0.889914146623456,-0.641764580813348,-1.46040232369206,-0.889914146623455,-0.0966823253605052,-1.05397752034038,-0.782420533196943,-0.529020129095958,-0.182694375657756,-0.182938987556693,-0.182816681607225,-0.182654555116069,-0.182938987556693,-0.182810281877311,-0.182563536735069,-0.182938987556693,-0.182769829263533,-1.28682298024836,0.12495141857750017,0.21568627451,0.16582458867733338,0.333333333333
2019-01-02T00:00:00Z,3,0.188495919161,0.358974358974,0.445949074074,-0.152147045646173,0.688420937074931,0.175853746423665,-0.100656770617895,-1.0510834522527,-1.31969896163478,-1.1736659267723,-0.680138225010788,-1.52435839735446,-1.2203005638178,-0.373149071431271,-1.83134755093398,-1.27510736583127,-0.405953301023615,0.782375263228952,-0.166091285326741,-0.605521737776608,-0.181579400490507,-0.181818323740632,-0.181681085088031,-0.181579400490507,-0.181943474014507,-0.181760726171406,-0.181579400490507,-0.182472518354069,-0.181900493112368,-1.57741233933088,0.19005052467950018,0.358974358974,0.17126570799333338,0.358974358974
2019-01-05T00:00:00Z,3,0.277108433735,0.257918552036,0.307523148148,0.161428606476619,-0.196572598529447,1.53962272840197,4.22161388357351,-0.539434862953509,-0.872006445997986,-0.731836051221227,-0.539434862953509,-0.872006445997986,-0.727305829336807,-0.539434862953509,-1.1789955995775,-0.80023351888796,-0.0916940838175518,0.281551776800953,1.88833954090727,3.37256191361722,-0.181750059954882,-0.18194916266332,-0.181830649146392,-0.181659041573882,-0.18194916266332,-0.181800428199576,-0.181659041573882,-0.18194916266332,-0.18178561400996,-1.57741233933088,0.23338515351750017,0.257918552036,0.17866044824473337,0.257918552036
2019-01-04T00:00:00Z,4,0.640886125146,0.57616892911,0.471412037037,0.152620301641709,2.56903220023423,5.5950410169164,4.6649236942598,-0.603390936615909,-0.820841587068066,-0.722775607452387,-0.603390936615909,-1.1789955995775,-0.834432252721326,-0.603390936615909,-1.31969896163478,-0.947510144071651,-0.131600016161179,2.78566920894095,4.35365653238808,3.60206673965917,-0.181659041573882,-0.181824012389445,-0.18177020725276,-0.181659041573882,-0.181824012389445,-0.181763096441744,-0.181579400490507,-0.181824012389445,-0.18173575932384,-1.57741233933088,0.45899727944050017,0.57616892911,0.3692188107270001,0.57616892911
2018-02-11T00:00:00Z,2,0.314030314808,0.573152337858,0.218981481481,0.934797770981709,-0.141260502554173,-0.218921485201634,-0.0175361811142139,0.0105873705431246,-1.84413876566646,-1.27386377551006,0.164081947332883,-1.8825124098639,-1.25520992069186,0.164081947332883,-1.8825124098639,-1.13813477473764,0.970801364831518,-0.386212871769712,-0.268812826638442,-0.682023346457259,-0.181932096716882,-0.182603357276756,-0.182254690509957,-0.181829701038257,-0.182694375657756,-0.182338361052908,-0.181829701038257,-0.182694375657756,-0.182347526098217,-1.28682298024836,0.2409638554220002,0.573152337858,0.19652804767466672,0.573152337858
2015-12-30T00:00:00Z,2,0.0347648659153,0.0318401206637,0.294907407407,-0.301888227839642,-0.473133078405815,-0.613696716826932,-0.710207760311554,-0.168489635711593,-2.21508399290837,-1.72315519298842,-0.168489635711593,-2.25345763710581,-1.69570737804164,-0.168489635711593,-2.25345763710581,-1.59293352078136,-0.22138836393434,-0.887036358197711,-1.09058515713204,-1.14103299854116,-0.182381499973069,-0.182791082687569,-0.182673754305811,-0.182125510776507,-0.182813837282819,-0.182616156736584,-0.181920719419257,-0.182813837282819,-0.182488241147315,1.61907061057685,0.17439759036165017,0.573152337858,0.17223085891976675,0.573152337858
2016-01-03T00:00:00Z,1,0.0792460163234,0.0951131221719,0.150462962963,-0.305411549773606,-0.473133078405815,-0.57780805940645,-0.654794033975767,-0.245236924106473,-1.34528139109974,-1.0031163970059,0.253620450460242,-1.34528139109974,-0.86108061674732606,0.355950168320081,-1.34528139109974,-0.869519265355559,-0.191458914676619,-0.720095196055045,-0.987863615820344,-1.06453138986051,-0.182296170240882,-0.182603357276756,-0.182463748353816,-0.182051558341944,-0.182603357276756,-0.18234985686405,-0.181920719419257,-0.182603357276756,-0.182280921501704,-1.57741233933088,0.1544694908667002,0.241327300151,0.16373882627280006,0.241327300151
2017-12-31T00:00:00Z,2,0.0884097399415,0.132730015083,0.315821256039,-0.275463313334912,-0.417820982430541,0.139965089003183,0.0101706820536797,-0.0149950589218352,-1.98484212772373,-1.26562700844748,-0.0149950589218352,-1.98484212772373,-1.20680258812637,-0.0149950589218352,-1.98484212772373,-1.15377863339061,-0.28124726244978,-0.386212871769712,-0.0633697440150408,-0.452518520415307,-0.182279104294444,-0.182688687008944,-0.182572780789389,-0.182279104294444,-0.182927610259068,-0.182680983630343,-0.182279104294444,-0.182927610259068,-0.182704646829223,1.61907061057685,0.12310110005225018,0.268476621418,0.10020446442140007,0.268476621418
2018-04-19T00:00:00Z,2,0.204819277108,0.26395173454,0.461226851852,1.65707876744432,-0.362508886455268,-0.541919401985969,-0.571673444472086,0.39432381251752,-1.03829223752022,-0.416319421153391,0.39432381251752,-1.03829223752022,-0.49280022590801,0.39432381251752,-1.03829223752022,-0.541389076315416,1.69908463010271,-0.0523305474843795,-0.679698991885243,-0.988029781179861,-0.181488382109508,-0.181994671853819,-0.181749585900814,-0.181488382109508,-0.182023115097882,-0.181764992658015,-0.181488382109508,-0.182023115097882,-0.18177636995564,-0.705644262083319,0.27924601632300017,0.380090497738,0.21563392419583338,0.380090497738
2019-03-10T00:00:00Z,2,0.148431031278,0.185520361991,0.501690821256,0.783294927821258,-0.417820982430541,-0.506030744565487,-0.599380307639979,-0.50106121875607,-1.80576512146902,-1.24934728060614,-0.50106121875607,-2.03600698665365,-1.3615368931556,-0.50106121875607,-2.12554548978101,-1.41776494125046,0.47197721053618,-0.0523305474843795,-0.0633697440150408,-0.376016911734657,-0.181715928062007,-0.182489584300506,-0.182151109696163,-0.181715928062007,-0.182705752955381,-0.182254216455889,-0.181715928062007,-0.182705752955381,-0.182285741051392,-0.99623362116584,0.14417276398700019,0.380090497738,0.14210558925733338,0.380090497738
2019-02-27T00:00:00Z,2,0.525845316751,0.512820512821,0.224421296296,0.753346691382565,-0.362508886455268,-0.506030744565487,-0.599380307639979,-0.820841587068066,-1.86972119513142,-1.48438585131546,-0.820841587068066,-2.76510622640501,-1.798570063182,-0.820841587068066,-2.76510622640501,-1.8311698951738,0.48694193516504,1.28319874965695,0.861124127790263,0.54200239243315,-0.182051558341944,-0.183018628640068,-0.182640333494037,-0.182051558341944,-0.183212042699693,-0.182723767009954,-0.182051558341944,-0.183212042699693,-0.18266695953084,-1.28682298024836,0.3371381740145002,0.512820512821,0.2713969482416667,0.512820512821
2018-12-07T00:00:00Z,1,0.0941242977776,0.114630467572,0.326767676768,-1.28665670838257,-0.307196790479994,-0.398364772304042,-0.488552854968405,-0.130115991514154,-1.48598475315702,-0.992457051395505,0.39432381251752,-1.53714961208694,-1.04628674672802,0.39432381251752,-1.53714961208694,-1.05570250201721,-1.44849578350087,-0.386212871769712,-0.782420533196943,-0.988029781179861,-0.181892276175195,-0.182444075110006,-0.182217477265642,-0.181892276175195,-0.182540782139819,-0.182325798620113,-0.181892276175195,-0.182540782139819,-0.182345234836889,1.61907061057685,0.07407341977880016,0.176470588235,0.2246640521028667,0.512820512821
2017-03-25T00:00:00Z,3,0.157403808784,0.297134238311,0.558449074074,1.02640414126477,0.688420937074931,1.18073615419715,1.11844520876942,-0.46268757455863,-0.565017292418469,-0.508735947595556,-0.270819353571432,-0.603390936615909,-0.484781490914731,-0.270819353571432,-0.603390936615909,-0.499462316914509,0.90096598323017,-0.887036358197711,-0.166091285326741,0.312497566391198,-0.18172161671082,-0.181920719419257,-0.181805524280804,-0.181596466436945,-0.181920719419257,-0.181788813874917,-0.181596466436945,-0.182017426449069,-0.181813978245012,-0.99623362116584,0.2848814613295002,0.502262443439,0.3295763699963334,0.502262443439
2018-04-16T00:00:00Z,2,0.13525068014,0.372549019608,0.577430555556,1.6588404284113,-0.417820982430541,-0.57780805940645,-0.322311675961043,0.0873346589380038,-0.705720654475748,-0.406726010104031,0.189664376797843,-1.25574288797238,-0.50612440792101,0.189664376797843,-1.25574288797238,-0.549916552803736,1.70407287164566,0.281551776800953,0.347516421231761,0.6185040011138,-0.181619221032195,-0.18192640806807,-0.181805761307838,-0.18158508913932,-0.182239283752757,-0.181854944417363,-0.18158508913932,-0.182239283752757,-0.181835310678058,-0.705644262083319,0.33268558103400014,0.607843137255,0.29109988340466664,0.607843137255
2018-04-15T00:00:00Z,3,0.204819277108,0.544494720965,0.354976851852,1.6588404284113,-0.473133078405815,-0.14714417036067,0.370359903236296,0.189664376797843,-1.25574288797238,-0.605522805737989,0.189664376797843,-1.25574288797238,-0.621511824153588,0.189664376797843,-1.25574288797238,-0.689376324539801,1.66915518084499,0.281551776800953,0.655681045166862,0.848008827155752,-0.18158508913932,-0.182239283752757,-0.181904127526887,-0.18158508913932,-0.182239283752757,-0.181850085363169,-0.18158508913932,-0.182239283752757,-0.181835784732126,-0.705644262083319,0.1900505246790002,0.544494720965,0.17178390983266664,0.544494720965
2016-03-31T00:00:00Z,3,0.0506373882627,0.0540422322775,0.481365740741,1.47034270494423,-0.307196790479994,-0.326587457463079,-0.405432265464724,1.77577500362535,-0.117324776781674,0.612307430250198,1.80135743309031,-0.117324776781674,0.643219532520358,1.80135743309031,-0.782467942870627,0.408358617571214,1.44967255295504,0.114610614658287,0.552959503855162,1.00101204451705,-0.180760235061508,-0.18183538968707,-0.181428651296976,-0.180743169115071,-0.18183538968707,-0.18144085818922,-0.180743169115071,-0.181937785365695,-0.181498890308008,-0.99623362116584,0.1277283326853502,0.544494720965,0.14357947920689998,0.544494720965
2017-02-14T00:00:00Z,4,0.674310143801,0.668174962293,0.472800925926,0.193138503882295,-0.473133078405815,-0.541919401985969,-0.627087170807873,0.253620450460242,-0.296401783036392,0.0489610147405651,0.854807542886796,-0.48827000402359,0.234860002185939,0.854807542886796,-0.577808507150949,0.0553566221068047,0.167694476416024,0.949316425371618,0.963845669101963,1.46002169660096,-0.181351854538008,-0.181806946443007,-0.181536024543312,-0.18133478859157,-0.181806946443007,-0.18157157859839,-0.18133478859157,-0.181909342121632,-0.181663940132582,-1.28682298024836,0.4226583754370002,0.668174962293,0.37893509521933333,0.668174962293
2017-02-13T00:00:00Z,2,0.221531286436,0.321266968326,0.265972222222,0.193138503882295,-0.362508886455268,-0.506030744565487,-0.460845991800511,0.854807542886796,-0.48827000402359,0.447315987837795,0.854807542886796,-0.577808507150949,0.0596203603509648,0.854807542886796,-0.577808507150949,0.059620360350965,0.107835577900583,0.615434101086286,1.37473183434876,0.771507218475101,-0.18133478859157,-0.181750059954882,-0.181607132653468,-0.18133478859157,-0.181909342121632,-0.181727897927217,-0.18133478859157,-0.182051558341944,-0.181812556082808,-1.28682298024836,0.4479207151185002,0.668174962293,0.3556160124366667,0.668174962293
2017-02-12T00:00:00Z,3,0.170229304314,0.294117647059,0.382523148148,0.189615181948331,-0.417820982430541,-0.36247611488356,0.508894219075764,-0.347566641966312,-0.577808507150949,-0.483153518130597,-0.347566641966312,-0.577808507150949,-0.483153518130596,-0.347566641966312,-0.577808507150949,-0.483153518130596,0.0878826117287698,1.61708107394228,0.655681045166862,0.159494349029897,-0.181687484817945,-0.181909342121632,-0.181848663200965,-0.181687484817945,-0.182051558341944,-0.181915267797478,-0.181687484817945,-0.182318924836132,-0.181908868067564,-1.28682298024836,0.19588029537500018,0.321266968326,0.35535691151699994,0.668174962293
2017-02-18T00:00:00Z,3,0.0998834045861,0.162895927602,0.367476851852,0.337594703174817,-0.473133078405815,-0.613696716826932,0.647428534915232,-0.398731500896231,-0.718511869208228,-0.539434862953508,-0.398731500896231,-0.718511869208228,-0.5445513488465,-0.398731500896231,-0.718511869208228,-0.5445513488465,0.237529858017371,-0.219271709627046,-0.166091285326741,0.00649113166859588,-0.181806946443007,-0.182392877270694,-0.182158457534213,-0.181715928062007,-0.182392877270694,-0.181981516853441,-0.181545268597632,-0.182392877270694,-0.181872049868306,-1.28682298024836,0.11115429459755016,0.251885369532,0.13084596450303335,0.294117647059
2019-01-31T00:00:00Z,2,0.18888457054,0.273001508296,0.42025462963,0.552517341146619,-0.417820982430541,-0.541919401985969,-0.627087170807873,-0.104533562049194,-0.577808507150949,-0.364088627662431,0.202455591530323,-0.833632801800546,-0.411789199268971,0.905972401816715,-1.0510834522527,-0.42058315939755,0.337294688876439,-0.553154033912378,-0.371534367950142,-0.529020129095958,-0.18144856156782,-0.181647664276257,-0.181552853462716,-0.181374609133258,-0.181852455633507,-0.181568971301018,-0.181374609133258,-0.182324613484944,-0.181726515269519,-1.57741233933088,0.12883793237455016,0.273001508296,0.09041444369846667,0.273001508296
2015-12-22T00:00:00Z,2,0.0192188107268,0.0586576168929,0.305787037037,-0.356499717816083,-0.473133078405815,-0.434253429724524,0.813669713922594,-1.1150395259151,-1.92088605406133,-1.50197377157262,-0.910380090195426,-1.92088605406133,-1.31303687062828,-0.820841587068066,-1.92088605406133,-1.21523737465286,-0.226376605477293,-0.887036358197711,-0.987863615820344,-0.146512085692705,-0.182062935639569,-0.182466829705256,-0.182247105644874,-0.181920719419257,-0.182466829705256,-0.182141747128326,-0.18185814428232,-0.182466829705256,-0.182061434468355,1.61907061057685,0.06557520404190018,0.325791855204,0.05145485166466668,0.325791855204
2019-04-21T00:00:00Z,2,0.266614846483,0.280542986425,0.483564814815,1.22018684763279,-0.030636310603626,0.175853746423665,0.70284226125102,0.317576524122641,-0.628973366080869,-0.163692930186913,0.688521751364557,-0.744094298673187,-0.182879752285633,0.688521751364557,-0.744094298673187,-0.1837680310865,0.806189393914056,1.45013991179962,1.58017491697217,0.771507218475101,-0.181346165889195,-0.181846766984695,-0.181593859139572,-0.181346165889195,-0.182057246990757,-0.181675751979769,-0.181346165889195,-0.182057246990757,-0.181670892925575,-0.705644262083319,0.26369996113500016,0.340874811463,0.33074232413533333,0.402714932127
2018-12-04T00:00:00Z,2,0.0753983676642,0.123680241327,0.315393518519,-1.28137172548162,-0.307196790479994,-0.398364772304042,-0.516259718136299,-0.0789511325842344,-1.97205091299125,-1.45453968360634,-0.0789511325842344,-1.97205091299125,-1.44201495251412,-0.0661599178517545,-1.97205091299125,-1.32165317499669,-1.46346050812973,-1.05397752034038,-1.29602823975545,-1.44703943326376,-0.182011737800257,-0.182563536735069,-0.182362300783327,-0.182011737800257,-0.182597668627944,-0.182394654973448,-0.182006049151444,-0.182597668627944,-0.182290797628114,1.61907061057685,0.19782355227360016,0.399698340875,0.20014982792306668,0.399698340875
2018-04-22T00:00:00Z,3,0.158181111543,0.244343891403,0.418287037037,1.68350368194905,-0.417820982430541,0.032299116741738,-0.211484223289469,0.43269745671496,-1.39644625002966,-0.563418390576909,0.43269745671496,-1.39644625002966,-0.573278285266529,0.43269745671496,-1.39644625002966,-0.523268188777736,1.72402583781748,-0.553154033912378,-0.268812826638442,-0.146512085692705,-0.181499759407133,-0.182159642669382,-0.181828752930122,-0.181499759407133,-0.182159642669382,-0.18178359928017301,-0.181499759407133,-0.182159642669382,-0.181729991666016,-0.705644262083319,0.23319082782750014,0.336349924585,0.23461588288633337,0.336349924585
2016-02-17T00:00:00Z,3,0.0207345511077,0.0590799396682,0.407986111111,0.58951222145324,0.0799878813469212,0.71418360773089,0.39806676640419,-0.296401783036392,-0.897588875462946,-0.734500887623827,0.0105873705431246,-0.897588875462946,-0.676940421327668,0.0105873705431246,-0.935962519660385,-0.656510008907735,0.756306978484522,0.782375263228952,1.06656721041366,1.230516870559,-0.181579400490507,-0.181932096716882,-0.181807894551143,-0.181579400490507,-0.181932096716882,-0.181784665901825,-0.181579400490507,-0.181932096716882,-0.181747136621465,-1.28682298024836,0.08021570151585018,0.101387631976,0.07607591656956669,0.116892911011
2019-03-20T00:00:00Z,3,0.247182277497,0.212669683258,0.378240740741,0.878424620038285,-0.417820982430541,-0.506030744565487,-0.433139128632618,1.23854398486119,-0.130115991514154,0.45188427881368,1.27691762905863,-0.206863279909033,0.43589526039808,1.27691762905863,-0.398731500896231,0.363589366007534,0.641577422996595,0.782375263228952,0.655681045166862,1.00101204451705,-0.181016224258071,-0.181909342121632,-0.181587933463726,-0.180970715067571,-0.181954851312132,-0.181591725896268,-0.180970715067571,-0.181994671853819,-0.181609502923807,-0.99623362116584,0.1877205596580002,0.212669683258,0.13205855680790002,0.212669683258
2019-03-30T00:00:00Z,1,0.141857753595,0.20060331825,0.50775462963,0.834383095863736,-0.0859484065788996,-0.14714417036067,-0.183777360121575,0.765269039759436,-0.628973366080869,-0.0293851754958749,0.765269039759436,-0.667347010278308,-0.0632285978088944,0.765269039759436,-0.769676728138147,-0.125319285989474,0.626612698367735,0.281551776800953,-0.166091285326741,-0.223013694373356,-0.181351854538008,-0.182006049151444,-0.18172161671082,-0.181340477240383,-0.182051558341944,-0.181730149684038,-0.181340477240383,-0.182142576722944,-0.18174871680169,-0.99623362116584,0.23975903614450017,0.239819004525,0.21036403679233337,0.239819004525
2019-03-11T00:00:00Z,3,0.312864360668,0.349924585219,0.467592592593,0.818528147160898,0.633108841099657,0.139965089003183,-0.072949907450001,-0.692929439743268,-1.31969896163478,-1.11717139503718,-0.50106121875607,-1.80576512146902,-1.18325933782166,-0.50106121875607,-2.03600698665365,-1.28008172711613,0.591695007567061,2.95261037108361,1.78561799959557,1.30701847923965,-0.181704550764382,-0.181954851312132,-0.181877580499096,-0.181704550764382,-0.182489584300506,-0.182014345097629,-0.181704550764382,-0.182705752955381,-0.182128671136958,-0.99623362116584,0.2705013602795002,0.349924585219,0.23435678196633336,0.349924585219
2016-01-29T00:00:00Z,3,0.0486941313642,0.124856711916,0.41087962963,0.180806877113421,0.0246757853716476,1.89850930260678,1.47863442995204,-0.667347010278308,-0.948753734392865,-0.871473478717466,-0.155698420979114,-0.948753734392865,-0.611385445823709,-0.142907206246634,-0.948753734392865,-0.524689434859123,0.392165345848926,0.114610614658287,1.78561799959557,1.46002169660096,-0.181755748603695,-0.181954851312132,-0.181839656173679,-0.18158508913932,-0.181954851312132,-0.181764281576913,-0.181408741026133,-0.181954851312132,-0.181709765359127,-1.57741233933088,0.1807792460161002,0.349924585219,0.19656561730773336,0.349924585219
2016-02-20T00:00:00Z,3,0.100505246794,0.0800301659125,0.453009259259,0.677595269802339,0.135299977322195,0.606517635469445,0.675135398083126,-0.51385243348855,-1.02550102278774,-0.831500932678466,-0.51385243348855,-1.02550102278774,-0.773940466382307,-0.46268757455863,-1.02550102278774,-0.715847032805627,0.676495113797268,-0.720095196055045,-0.679698991885243,-0.529020129095958,-0.18160784373457,-0.18194916266332,-0.181811212929617,-0.181545268597632,-0.18194916266332,-0.181762977928227,-0.181545268597632,-0.18194916266332,-0.181727858422711,-1.28682298024836,0.0745996890791002,0.124856711916,0.15402124627540004,0.349924585219
2016-01-12T00:00:00Z,4,0.0387640886125,0.0879788838612,0.554976851852,-0.27370165236793,0.743733033050204,0.247631061264628,-0.0175361811142139,-0.628973366080869,-0.872006445997986,-0.746226167795267,-0.628973366080869,-1.23016045850742,-0.890393817175926,0.0233785852756045,-1.48598475315702,-0.939515634863852,-0.121623533075272,0.281551776800953,0.0393517972966596,-0.0700104770120546,-0.18158508913932,-0.181727305359632,-0.181680136979895,-0.18158508913932,-0.182136888074132,-0.181787391712714,-0.18158508913932,-0.182432697812382,-0.181902073292594,-1.57741233933088,0.2368324912552502,0.530920060332,0.19139007643483338,0.530920060332
2017-12-17T00:00:00Z,2,0.059463661096,0.280542986425,0.462615740741,-0.42520449552838,0.688420937074931,0.175853746423665,-0.072949907450001,-0.808050372335587,-1.0510834522527,-0.958880112722745,-0.808050372335587,-1.28132531743734,-1.00289329442336,-0.130115991514154,-1.28132531743734,-0.815877832097253,-0.291223745535687,0.615434101086286,0.347516421231761,0.0829927403492464,-0.181579400490507,-0.18181263509182,-0.181673974277015,-0.181579400490507,-0.182171019967007,-0.181816664551395,-0.18128927940107,-0.182171019967007,-0.181762464369654,1.61907061057685,0.11581811115450019,0.280542986425,0.12682990024633337,0.297134238311
2015-12-28T00:00:00Z,2,0.0101515740381,0.0234690799397,0.343055555556,-0.296603244938696,-0.473133078405815,0.28351971868511,0.0655844083894669,-0.667347010278308,-1.89530362459637,-1.38738580626082,-0.667347010278308,-1.89530362459637,-1.35594073671014,-0.667347010278308,-2.33020492550069,-1.52347011855359,-0.196447156219573,-0.720095196055045,-0.474255909261842,-0.0700104770120546,-0.181920719419257,-0.182466829705256,-0.182232409968775,-0.181795569145382,-0.182466829705256,-0.182070757531687,-0.181795569145382,-0.182677309711319,-0.182131989515432,1.61907061057685,0.020625728721350184,0.042730015083,0.05974089908023336,0.221719457014
2016-01-13T00:00:00Z,3,0.00875242907112,0.0469230769231,0.533333333333,-0.226136806259417,1.02029351292657,1.14484749677667,0.70284226125102,-0.130115991514154,-0.744094298673187,-0.594863460127589,-0.130115991514154,-0.872006445997986,-0.670544813961428,-0.130115991514154,-1.23016045850742,-0.791883698159813,-0.116635291532319,-0.0523305474843795,0.14207333860836,0.00649113166859588,-0.18167610752032,-0.181863832931132,-0.181746504549374,-0.18158508913932,-0.181863832931132,-0.181713320764635,-0.18158508913932,-0.182136888074132,-0.181773762658268,-1.57741233933088,0.05522153128656018,0.136998491704,0.050993652027540026,0.136998491704
2016-01-11T00:00:00Z,1,0.0289312087058,0.0519457013575,0.425347222222,-0.312458193641534,-0.362508886455268,-0.506030744565487,-0.599380307639979,-0.628973366080869,-1.23016045850742,-1.03456146655658,0.0233785852756045,-1.48598475315702,-1.03616036839814,0.0745434442055239,-1.48598475315702,-0.997431412680358,-0.161529465418899,-0.219271709627046,-0.268812826638442,-0.529020129095958,-0.18165335292507,-0.182136888074132,-0.181894646445533,-0.18165335292507,-0.182432697812382,-0.182013041448943,-0.18165335292507,-0.182432697812382,-0.182087270415045,-1.57741233933088,0.01884181888846019,0.0519457013575,0.04645809042630669,0.136998491704
2016-01-16T00:00:00Z,3,0.0552739992227,0.123182503771,0.426041666667,-0.187380264985813,0.799045129025478,0.247631061264628,0.0101706820536797,-0.667347010278308,-1.08945709645014,-0.887995464413586,-0.50106121875607,-1.66506175941174,-1.04335542668516,-0.50106121875607,-1.66506175941174,-1.0091566928518,-0.0567763930168782,0.615434101086286,0.24479487992006,0.0829927403492464,-0.181647664276257,-0.182028803746694,-0.181827804821986,-0.181647664276257,-0.182557848086256,-0.182025603881737,-0.181647664276257,-0.182557848086256,-0.181976025727156,-1.57741233933088,0.09305868635835018,0.123182503771,0.06823034071773336,0.123182503771
2019-04-04T00:00:00Z,2,0.17605907501,0.268476621418,0.512615740741,0.911896178410943,0.190612073297468,0.355297033526073,0.287239313732616,0.0361698000080843,-0.50106121875607,-0.382209515200111,0.48386231564488,-0.641764580813348,-0.337173779996171,0.598983248237198,-0.641764580813348,-0.226227757767926,0.666518630711362,0.281551776800953,-0.268812826638442,0.235995957710547,-0.18142580697257,-0.181710239413195,-0.18158200778788,-0.181351854538008,-0.181755748603695,-0.181596347923428,-0.181300656698695,-0.182091378883632,-0.181649481483517,-0.705644262083319,0.1156665371163502,0.268476621418,0.1207254825755667,0.268476621418
2016-01-30T00:00:00Z,3,0.0670384764866,0.104736048265,0.47025462963,0.201946808717205,0.301236265248016,0.211742403844146,1.61716874579151,-0.923171304927905,-1.19178681430998,-1.10278127846314,-0.667347010278308,-1.19178681430998,-0.987127378590305,-0.155698420979114,-1.19178681430998,-0.77518405670352,0.392165345848926,-0.887036358197711,-0.474255909261842,0.924510435836402,-0.181818323740632,-0.181983294556194,-0.181910290229767,-0.181755748603695,-0.181983294556194,-0.181874973201723,-0.18158508913932,-0.181983294556194,-0.181812951127865,-1.57741233933088,0.1250466381658002,0.56862745098,0.08841689338013337,0.56862745098
2018-03-25T00:00:00Z,3,0.316362223086,0.318250377074,0.444444444444,1.39811460529797,-0.362508886455268,-0.0394781980992253,0.647428534915232,-0.50106121875607,-1.51156718262198,-1.12623183880602,-0.0533687031192747,-1.57552325628438,-1.06494060154622,-0.0533687031192747,-1.57552325628438,-1.09887285173933,1.240166408151,-0.720095196055045,-0.885142074508644,-0.988029781179861,-0.181795569145382,-0.182080001586007,-0.181964806447554,-0.181795569145382,-0.182535093491006,-0.182088179018675,-0.181795569145382,-0.182535093491006,-0.182085216180752,-0.99623362116584,0.4026428293820002,0.42383107089,0.2995206632983334,0.42383107089
2019-03-22T00:00:00Z,2,0.185775359503,0.352941176471,0.467939814815,0.81148150329297,-0.417820982430541,-0.57780805940645,-0.654794033975767,0.624565677702158,-0.411522715628711,-0.126918187831034,1.13621426700135,-0.411522715628711,0.137433583306883,1.23854398486119,-0.411522715628711,0.242250481809149,0.666518630711362,0.615434101086286,0.450237962543461,0.69500560979445,-0.181147063180758,-0.181818323740632,-0.181546690759835,-0.181118619936695,-0.18183538968707,-0.181552734949199,-0.181016224258071,-0.181909342121632,-0.181564467787375,-0.99623362116584,0.18363777691450017,0.352941176471,0.12242518460966671,0.352941176471
2016-11-30T00:00:00Z,2,0.106879129421,0.380090497738,0.359027777778,-1.00655261463243,0.0799878813469212,-0.254810142622115,-0.0175361811142139,-0.48827000402359,-0.974336163857825,-0.788330582956347,-0.48827000402359,-1.48598475315702,-0.980465287583805,-0.385940286163751,-1.48598475315702,-0.995299543558278,-1.1990837063532,-1.05397752034038,-1.09058515713204,-1.21753460722181,-0.181681796169132,-0.181841078335882,-0.18177020725276,-0.181681796169132,-0.182182397264632,-0.181856129552532,-0.181681796169132,-0.182182397264632,-0.181896068607736,1.32848125149433,0.13913719393700014,0.380090497738,0.18447985490333338,0.380090497738
2019-01-23T00:00:00Z,3,0.0314807617567,0.0965309200603,0.352314814815,0.556040663080583,1.51810237670403,1.21662481161763,0.730549124418913,0.43269745671496,-1.20457802904246,-0.674275584925068,0.43269745671496,-1.42202867949462,-0.929833395934405,0.43269745671496,-1.93367726879381,-1.06653950338778,0.282424031903951,-0.720095196055045,0.24479487992006,-0.299515303054006,-0.181727305359632,-0.182085690234819,-0.181907445905361,-0.181636286978632,-0.182153954020569,-0.181894053877948,-0.181636286978632,-0.182597668627944,-0.182067676180246,-1.57741233933088,0.09288767975135015,0.205128205128,0.0915921751522667,0.300150829563
2019-01-25T00:00:00Z,3,0.131364166343,0.161387631976,0.396180555556,0.554279002113601,-0.417820982430541,-0.57780805940645,0.314946176900509,-0.0661599178517545,-1.33249017636726,-0.931165814135705,-0.0661599178517545,-1.40923746476214,-0.992990018676024,0.43269745671496,-1.40923746476214,-0.886751874092372,0.297388756532812,-0.887036358197711,-0.987863615820344,-1.06453138986051,-0.181505448055945,-0.181988983205007,-0.181787984280299,-0.181505448055945,-0.182284792943257,-0.181920837932774,-0.181505448055945,-0.182284792943257,-0.181916373923636,-1.57741233933088,0.14496696463300016,0.333333333333,0.10713823034090005,0.333333333333
2018-11-27T00:00:00Z,3,0.44539448115,0.56862745098,0.459143518519,-1.28489504741559,0.0246757853716476,1.61140004324293,1.31239325094468,-0.181280850444073,-0.44989635982615,-0.359291922137751,-0.181280850444073,-0.820841587068066,-0.49706396415217,-0.181280850444073,-0.948753734392865,-0.609964199742322,-1.46844874967268,-1.05397752034038,-1.29602823975545,-1.06453138986051,-0.181556645895257,-0.181710239413195,-0.181633205627192,-0.181533891300007,-0.181710239413195,-0.181614599005035,-0.18149407075832,-0.18181263509182,-0.18164410887075,1.32848125149433,0.28837932374650016,0.56862745098,0.2451094701386667,0.56862745098
2018-03-27T00:00:00Z,3,0.377380489701,0.383107088989,0.577777777778,1.4826743317131,1.35216608877821,1.10895883935619,0.675135398083126,-0.104533562049194,-0.935962519660385,-0.717978901927707,-0.104533562049194,-1.14062195538006,-0.850154787496666,-0.104533562049194,-1.51156718262198,-0.942180471266452,1.28007234049463,0.782375263228952,0.861124127790263,0.312497566391198,-0.181482693460695,-0.18176712590132,-0.181650982654731,-0.181482693460695,-0.181943474014507,-0.181731808873275,-0.181482693460695,-0.182080001586007,-0.181809474731368,-0.99623362116584,0.4113874854255002,0.56862745098,0.31804637906466676,0.56862745098
2019-01-08T00:00:00Z,2,0.303536727555,0.37556561086,0.13912037037,0.208993452585133,-0.25188469450472,-0.326587457463079,0.0932912715573605,-1.3069077469023,-2.30462249603573,-1.76099586990534,-0.833632801800546,-2.30462249603573,-1.54061389941032,-0.718511869208228,-2.30462249603573,-1.31650115795166,-0.0817176007316451,-0.720095196055045,-0.885142074508644,-1.06453138986051,-0.182199463211069,-0.182745573497069,-0.182515183220163,-0.182006049151444,-0.182745573497069,-0.182359574972438,-0.18181263509182,-0.182745573497069,-0.182200332310193,-1.57741233933088,0.32024873688300015,0.487179487179,0.33929265448900003,0.487179487179
2018-03-13T00:00:00Z,2,0.327633113098,0.324283559578,0.279398148148,1.23075681343468,-0.362508886455268,-0.506030744565487,-0.599380307639979,0.522235959842319,-0.437105145093671,-0.0869456417920342,1.04667576387399,-0.859215231265506,-0.142907206246633,1.04667576387399,-1.25574288797238,-0.265667336526406,1.21522520043623,0.949316425371618,1.58017491697217,0.924510435836402,-0.181226704264133,-0.181960539960945,-0.181694358601926,-0.181226704264133,-0.182017426449069,-0.181722801845989,-0.181226704264133,-0.182222217806319,-0.181786957163152,-0.99623362116584,0.23999222697250008,0.324283559578,0.22269724057533336,0.324283559578
2018-03-19T00:00:00Z,1,0.0664593859308,0.140271493213,0.52337962963,1.25894338890639,-0.473133078405815,-0.434253429724524,-0.516259718136299,-0.00220384418935523,-1.1150395259151,-0.683336028693908,0.44548867144744,-1.34528139109974,-0.658553050149728,0.44548867144744,-1.34528139109974,-0.591488000684295,1.1653427850067,0.281551776800953,-0.0633697440150408,-0.299515303054006,-0.18160784373457,-0.182125510776507,-0.181888720769687,-0.181533891300007,-0.182227906455132,-0.181881609958671,-0.181533891300007,-0.182227906455132,-0.18185877635441,-0.99623362116584,0.1305868635834001,0.288084464555,0.0870579090556,0.288084464555
2017-01-14T00:00:00Z,2,0.103381267003,0.116138763198,0.322800925926,-0.483339307438786,-0.362508886455268,-0.506030744565487,-0.599380307639979,0.279202879925202,-0.270819353571432,-0.0661599178517526,0.279202879925202,-0.756885513405667,-0.204305036962535,0.279202879925202,-1.7546002625391,-0.501061218756069,-0.600494721198796,-0.720095196055045,-0.782420533196943,-0.91152817249921,-0.18163059832982,-0.182028803746694,-0.181855299957913,-0.18163059832982,-0.182330302133757,-0.182012330367842,-0.18163059832982,-0.182825214580444,-0.182172284111187,-1.57741233933088,0.1509910610180001,0.346907993967,0.14095090037566668,0.346907993967
2016-02-08T00:00:00Z,3,0.0524679362612,0.0737405731523,0.419444444444,0.392206193151259,-0.196572598529447,-0.398364772304042,0.370359903236296,1.00830211967655,-0.718511869208228,-0.204731410786953,1.00830211967655,-1.39644625002966,-0.656421181027648,1.00830211967655,-1.39644625002966,-0.743383675632494,0.526847867508667,-0.0523305474843795,0.14207333860836,0.00649113166859588,-0.18117550642482,-0.181715928062007,-0.181397837782575,-0.18117550642482,-0.182114133478882,-0.181646360627571,-0.18117550642482,-0.182114133478882,-0.181720431575651,-1.28682298024836,0.0583501748931501,0.0850527903469,0.09512501619376663,0.235294117647
